"domainID","siteID","horizontalPosition","verticalPosition","date","wssShortRadMean","wssShortRadMinimum","wssShortRadMaximum","wssShortRadVariance","wssShortRadStdErMean","wssShortRadNumPts","shortRadQF"
"D03","OSBS","000","060","2018-01-01",18.79,-1.24,128.64,830.01,0.1,86400,0
"D03","OSBS","000","060","2018-01-02",58.02,-1.12,695.41,8665.02,0.32,86400,0
"D03","OSBS","000","060","2018-01-03",58.11,-1.29,988.17,17468.43,0.45,86400,0
"D03","OSBS","000","060","2018-01-04",170.52,-2.03,671.32,61225.36,0.84,86400,0
"D03","OSBS","000","060","2018-01-05",147.57,-1.97,874.1,48905.61,0.75,86400,0
"D03","OSBS","000","060","2018-01-06",167.53,-2.03,663.58,59560.6,0.83,86400,0
"D03","OSBS","000","060","2018-01-07",160.52,-1.84,733.62,57248.64,0.81,86400,0
"D03","OSBS","000","060","2018-01-08",85.42,-1.83,841.29,21546.07,0.5,86400,0
"D03","OSBS","000","060","2018-01-09",109.69,-1.78,813.68,39897.83,0.68,86400,0
"D03","OSBS","000","060","2018-01-10",49.11,-1.64,574.8,6143.91,0.27,86400,0
"D03","OSBS","000","060","2018-01-11",96.36,-1.84,964.28,26251.78,0.55,86400,0
"D03","OSBS","000","060","2018-01-12",44.84,-2.16,668.07,6116.22,0.27,86400,0
"D03","OSBS","000","060","2018-01-13",93.14,-1.84,935.47,26094.72,0.55,86400,0
"D03","OSBS","000","060","2018-01-14",174.08,-1.84,684.72,62662.13,0.85,86400,0
"D03","OSBS","000","060","2018-01-15",175.46,-1.83,681.33,63345.83,0.86,86400,0
"D03","OSBS","000","060","2018-01-16",162.42,-1.91,691.73,58517.45,0.82,86400,0
"D03","OSBS","000","060","2018-01-17",138.56,-2.38,1015.26,44651.19,0.72,86400,0
"D03","OSBS","000","060","2018-01-18",184.91,-2.24,713.01,69459.9,0.9,86400,0
"D03","OSBS","000","060","2018-01-19",181.31,-2.36,705.6,67311.17,0.88,86400,0
"D03","OSBS","000","060","2018-01-20",107.43,-2.57,807.3,28075.65,0.57,86400,0
"D03","OSBS","000","060","2018-01-21",155.51,-2.6,835.38,57251.58,0.81,86400,0
"D03","OSBS","000","060","2018-01-22",141.97,-2.66,907.69,49886.06,0.76,86400,0
"D03","OSBS","000","060","2018-01-23",83.7,-2.1,755.43,14215.69,0.41,86400,0
"D03","OSBS","000","060","2018-01-24",183.24,-2.27,708.93,68402.4,0.89,86400,0
"D03","OSBS","000","060","2018-01-25",171.13,-1.94,740.86,66138.52,0.87,86400,0
"D03","OSBS","000","060","2018-01-26",124.77,-1.89,918.33,35831.59,0.64,86400,0
"D03","OSBS","000","060","2018-01-27",111.96,-1.87,963.31,32094.86,0.61,86400,0
"D03","OSBS","000","060","2018-01-28",85.32,-1.89,679.1,21646.37,0.5,86400,0
"D03","OSBS","000","060","2018-01-29",59.08,-2.21,1037.35,8658.48,0.32,86400,0
"D03","OSBS","000","060","2018-01-30",197.71,-2.21,755.33,77305.32,0.95,86400,0
"D03","OSBS","000","060","2018-01-31",185.16,-2.19,747.08,72727.21,0.92,86400,0
"D03","OSBS","000","060","2018-02-01",175.47,-1.94,871.8,64664.94,0.87,86400,0
"D03","OSBS","000","060","2018-02-02",126.49,-2.13,1035.75,39386.88,0.68,86400,0
"D03","OSBS","000","060","2018-02-03",148.9,-2.11,1153.58,53034.08,0.78,86400,0
"D03","OSBS","000","060","2018-02-04",55.39,-1.89,630.27,11095.36,0.36,86400,0
"D03","OSBS","000","060","2018-02-05",202.66,-2.1,797.73,79824.23,0.96,86400,0
"D03","OSBS","000","060","2018-02-06",180.61,-2.1,957.85,67327.37,0.88,86400,0
"D03","OSBS","000","060","2018-02-07",138.98,-2,988.51,50918.47,0.77,86400,0
"D03","OSBS","000","060","2018-02-08",54.03,-1.72,514.67,7083.13,0.29,85340,0
"D03","OSBS","000","060","2018-02-09",132.97,-1.62,939.65,43627.24,0.71,86400,0
"D03","OSBS","000","060","2018-02-10",159.3,-2.03,1086.28,67109.12,0.88,86400,0
"D03","OSBS","000","060","2018-02-11",139.16,-1.95,860.49,51798.86,0.77,86400,0
"D03","OSBS","000","060","2018-02-12",103.97,-1.84,1011.65,27368.2,0.56,86400,0
"D03","OSBS","000","060","2018-02-13",28.97,-1.53,175,2031.53,0.15,86400,0
"D03","OSBS","000","060","2018-02-14",99.59,-1.62,885.75,23879.2,0.53,86398,0
"D03","OSBS","000","060","2018-02-15",180.48,-1.67,790,74968.11,0.93,86400,0
"D03","OSBS","000","060","2018-02-16",156.84,-1.83,1081,61006.26,0.84,86400,0
"D03","OSBS","000","060","2018-02-17",168.96,-1.83,972.99,73762.71,0.92,86400,0
"D03","OSBS","000","060","2018-02-18",191.4,-1.86,995.55,88588.88,1.01,86400,0
"D03","OSBS","000","060","2018-02-19",160.83,-1.92,1031.29,71294.6,0.91,86400,0
"D03","OSBS","000","060","2018-02-20",142.7,-1.97,983.54,49980.14,0.76,86400,0
"D03","OSBS","000","060","2018-02-21",141.15,-1.89,1069.34,60805.66,0.84,86400,0
"D03","OSBS","000","060","2018-02-22",181.41,-2.21,1070.48,75552.22,0.94,86400,0
"D03","OSBS","000","060","2018-02-23",195.11,-1.95,1039.56,87473.85,1.01,86400,0
"D03","OSBS","000","060","2018-02-24",195.92,-2.24,976.21,84065,0.99,86400,0
"D03","OSBS","000","060","2018-02-25",189.66,-1.89,1205.02,80436.23,0.96,86400,0
"D03","OSBS","000","060","2018-02-26",169.37,-3.22,1058.81,64328.88,0.86,86400,0
"D03","OSBS","000","060","2018-02-27",153.57,-1.97,1208.4,70784.62,0.91,86400,0
"D03","OSBS","000","060","2018-02-28",164.79,-1.75,1045.83,67810.88,0.89,86400,0
"D03","OSBS","000","060","2018-03-01",173.47,-1.76,1109.85,70665.55,0.91,85621,0
"D03","OSBS","000","060","2018-03-02",253.37,-2.47,894.9,110782.35,1.13,86208,0
"D03","OSBS","000","060","2018-03-03",261.66,-2.54,903.97,115510.18,1.16,86400,0
"D03","OSBS","000","060","2018-03-04",261.67,-2.43,905.13,114942.87,1.15,86400,0
"D03","OSBS","000","060","2018-03-05",219.29,-2.33,1306.57,86572.56,1,86400,0
"D03","OSBS","000","060","2018-03-06",197.03,-2.28,1214.57,82244.18,0.98,86400,0
"D03","OSBS","000","060","2018-03-07",261.09,-2.96,1000.71,120625.98,1.18,86400,0
"D03","OSBS","000","060","2018-03-08",256.06,-2.13,979.49,118093.12,1.17,86400,0
"D03","OSBS","000","060","2018-03-09",268.88,-2.49,920.93,120729.42,1.18,86400,0
"D03","OSBS","000","060","2018-03-10",169.62,-2.47,928,57637.66,0.82,86400,0
"D03","OSBS","000","060","2018-03-11",188.24,-2.36,1027.11,79211.92,0.96,86400,0
"D03","OSBS","000","060","2018-03-12",209.92,-1.86,1161.33,105408.63,1.1,86400,0
"D03","OSBS","000","060","2018-03-13",276.9,-2.25,942.63,126551.93,1.21,86400,0
"D03","OSBS","000","060","2018-03-14",281.72,-2.28,947.31,128427.43,1.22,86385,0
"D03","OSBS","000","060","2018-03-15",284.7,-2.51,955.76,131009.81,1.23,86400,0
"D03","OSBS","000","060","2018-03-16",272.32,-2.33,949.73,121340.1,1.19,86400,0
"D03","OSBS","000","060","2018-03-17",269.31,-2.03,905.83,117563.79,1.17,86400,0
"D03","OSBS","000","060","2018-03-18",197.87,-1.83,1242.91,87202.17,1,86400,0
"D03","OSBS","000","060","2018-03-19",104.72,-2.11,1228.1,60547.4,0.84,86400,0
"D03","OSBS","000","060","2018-03-20",109.69,-1.84,1106.28,28554.76,0.57,86398,0
"D03","OSBS","000","060","2018-03-21",288.38,-2.13,957.94,130931.03,1.23,86400,0
"D03","OSBS","000","060","2018-03-22",296.84,-2.24,975.31,137973.62,1.26,86400,0
"D03","OSBS","000","060","2018-03-23",276.4,-2.38,1034.71,126971.03,1.21,86400,0
"D03","OSBS","000","060","2018-03-24",263.49,-2.35,1072.32,111316.06,1.14,86400,0
"D03","OSBS","000","060","2018-03-25",226.96,-2.19,1282.09,101305.88,1.08,86400,0
"D03","OSBS","000","060","2018-03-26",59.91,-1.46,544.45,8307.13,0.31,86400,0
"D03","OSBS","000","060","2018-03-27",209.54,-1.61,1390.23,84658.47,0.99,86400,0
"D03","OSBS","000","060","2018-03-28",277.38,-2.11,968.45,126723.26,1.21,86400,0
"D03","OSBS","000","060","2018-03-29",240.79,-1.95,1240.48,110175.92,1.13,86400,0
"D03","OSBS","000","060","2018-03-30",129.5,-2.06,1055.33,47721.78,0.74,86400,0
"D03","OSBS","000","060","2018-03-31",216.3,-1.51,1206.77,92862.55,1.04,86400,0
"D03","OSBS","000","060","2018-04-01",173.69,-1.73,1308.61,79626.1,0.96,86400,0
"D03","OSBS","000","060","2018-04-02",251.15,-1.95,1181.18,108871.68,1.12,86400,0
"D03","OSBS","000","060","2018-04-03",253.82,-2.16,1209.06,129248.17,1.22,86400,0
"D03","OSBS","000","060","2018-04-04",206.7,-2.1,1196.32,104012.83,1.1,86400,0
"D03","OSBS","000","060","2018-04-05",296.85,-2.08,1083.28,136774.83,1.26,86400,0
"D03","OSBS","000","060","2018-04-06",297.12,-1.84,981.59,132938.1,1.24,86400,0
"D03","OSBS","000","060","2018-04-07",168.42,-2.1,1305.05,73985.38,0.93,86400,0
"D03","OSBS","000","060","2018-04-08",95.05,-1.67,512.72,16089.44,0.43,86400,0
"D03","OSBS","000","060","2018-04-09",64.39,-1.76,1305.52,17570.77,0.45,86397,0
"D03","OSBS","000","060","2018-04-10",32.86,-1.65,380.09,3570.56,0.2,86400,0
"D03","OSBS","000","060","2018-04-11",303.43,-1.72,1175.74,148060.62,1.31,86400,0
"D03","OSBS","000","060","2018-04-12",284.7,-2.46,1264.47,138015.56,1.26,86400,0
"D03","OSBS","000","060","2018-04-13",274.89,-1.99,1243.53,129133.06,1.22,86400,0
"D03","OSBS","000","060","2018-04-14",265.4,-2.1,1309.63,130253.71,1.23,86400,0
"D03","OSBS","000","060","2018-04-15",112.74,-1.99,676.65,25507.94,0.54,86400,0
"D03","OSBS","000","060","2018-04-16",333.94,-1.94,1042.31,159016.35,1.36,86400,0
"D03","OSBS","000","060","2018-04-17",326.99,-2.4,1019.04,152510.87,1.33,86399,0
"D03","OSBS","000","060","2018-04-18",328.99,-2.28,1026.15,153930.97,1.33,86400,0
"D03","OSBS","000","060","2018-04-19",290.79,-2.4,1219.63,144015.63,1.29,86400,0
"D03","OSBS","000","060","2018-04-20",164.29,-1.89,1254.37,49567.9,0.76,86400,0
"D03","OSBS","000","060","2018-04-21",211.58,-1.27,1259.39,96878.86,1.06,86400,0
"D03","OSBS","000","060","2018-04-22",146.28,-1.78,1193.71,38558.32,0.67,86400,0
"D03","OSBS","000","060","2018-04-23",182.92,-1.81,1514.54,86199.36,1,86400,0
"D03","OSBS","000","060","2018-04-24",296.99,-1.91,1289.95,150537.07,1.32,86400,0
"D03","OSBS","000","060","2018-04-25",313.28,-1.86,1241.1,147914.26,1.31,86400,0
"D03","OSBS","000","060","2018-04-26",302.94,-1.94,1194.88,143520.85,1.29,86400,0
"D03","OSBS","000","060","2018-04-27",266.54,-1.89,1245.07,122494.78,1.19,86400,0
"D03","OSBS","000","060","2018-04-28",332.5,-2.14,1028.58,153454.76,1.33,86400,0
"D03","OSBS","000","060","2018-04-29",329.31,-2.46,1023.21,153716.53,1.33,86400,0
"D03","OSBS","000","060","2018-04-30",320.39,-2.35,1228.18,156081.46,1.34,86400,0
"D03","OSBS","000","060","2018-05-01",282.12,-2.17,1231.68,136438.79,1.26,86400,0
"D03","OSBS","000","060","2018-05-02",318.17,-2.17,1340.66,162071.06,1.37,86400,0
"D03","OSBS","000","060","2018-05-03",317.51,-2.16,1341.55,149577.1,1.32,86399,0
"D03","OSBS","000","060","2018-05-04",336.19,-2.28,1028.77,154476.75,1.34,86400,0
"D03","OSBS","000","060","2018-05-05",229.91,-2.63,1420.06,90781.15,1.03,86400,0
"D03","OSBS","000","060","2018-05-06",243.12,-1.81,1353.13,107520.02,1.12,86400,0
"D03","OSBS","000","060","2018-05-07",323.82,-2.32,1074.96,151431.43,1.32,86400,0
"D03","OSBS","000","060","2018-05-08",285.21,-2.51,1175.62,140862.94,1.28,86391,0
"D03","OSBS","000","060","2018-05-09",287.4,-2.11,1186.44,132123.04,1.24,86400,0
"D03","OSBS","000","060","2018-05-10",292.66,-2.21,1115.5,134004.44,1.25,86400,0
"D03","OSBS","000","060","2018-05-11",290.53,-2.33,1065.15,141350.83,1.28,86400,0
"D03","OSBS","000","060","2018-05-12",248.54,-2.25,1191.93,112594.32,1.14,86400,0
"D03","OSBS","000","060","2018-05-13",157.5,-2.65,758.38,37043.47,0.65,86400,0
"D03","OSBS","000","060","2018-05-14",96.46,-1.97,421.79,14389.65,0.41,86400,0
"D03","OSBS","000","060","2018-05-15",93.6,-1.73,1055.73,27206.29,0.56,86400,0
"D03","OSBS","000","060","2018-05-16",182.58,-1.92,1405.35,69374.34,0.9,86400,0
"D03","OSBS","000","060","2018-05-17",136.47,-1.69,1338.92,63787.81,0.86,86400,0
"D03","OSBS","000","060","2018-05-18",200.46,-1.65,1393.25,79262.6,0.96,86400,0
"D03","OSBS","000","060","2018-05-19",180,-2.05,1465.92,84269.01,0.99,86400,0
"D03","OSBS","000","060","2018-05-20",70.5,-2.06,320.68,7688.21,0.3,86400,0
"D03","OSBS","000","060","2018-05-21",127.7,-1.75,1534.2,51368.4,0.77,86400,0
"D03","OSBS","000","060","2018-05-22",211.05,-1.81,1354.55,100286.53,1.08,86400,0
"D03","OSBS","000","060","2018-05-23",330.72,-1.99,1139.31,164027.32,1.38,86400,0
"D03","OSBS","000","060","2018-05-24",243.96,-1.89,1161.46,118274,1.17,86400,0
"D03","OSBS","000","060","2018-05-25",273.3,-3.28,1285.05,119636.15,1.18,86400,0
"D03","OSBS","000","060","2018-05-26",199.24,-2.03,1115.46,73516.54,0.92,86400,0
"D03","OSBS","000","060","2018-05-27",94.72,-2.44,834.03,16341.36,0.43,86400,0
"D03","OSBS","000","060","2018-05-28",209.39,-1.81,1396.86,96763.18,1.06,86400,0
"D03","OSBS","000","060","2018-05-29",190.08,-1.72,1305.48,97673.18,1.06,86400,0
"D03","OSBS","000","060","2018-05-30",59.91,-1.62,479.99,5901.86,0.26,86400,0
"D03","OSBS","000","060","2018-05-31",213.56,-2.22,1360.18,99846.19,1.08,86400,0
"D03","OSBS","000","060","2018-06-01",295.82,-1.76,1230.29,144911.02,1.3,86400,0
"D03","OSBS","000","060","2018-06-02",274.38,-2.58,1232.29,142234.38,1.28,86400,0
"D03","OSBS","000","060","2018-06-03",201.33,-2.13,1209.33,96788.38,1.06,86400,0
"D03","OSBS","000","060","2018-06-04",251.25,-1.87,1176.39,125153.3,1.2,86400,0
"D03","OSBS","000","060","2018-06-05",313.03,-1.92,1106.5,137752.41,1.26,86400,0
"D03","OSBS","000","060","2018-06-06",82.45,-2.1,530.15,12554.47,0.38,86400,0
"D03","OSBS","000","060","2018-06-07",289.03,-1.86,1250.97,139160.11,1.27,86400,0
"D03","OSBS","000","060","2018-06-08",236.75,-1.97,1261,99367.03,1.07,86400,0
"D03","OSBS","000","060","2018-06-09",272.15,-1.89,1190.66,133879.55,1.24,86400,0
"D03","OSBS","000","060","2018-06-10",227.39,-2.02,1260.11,91753.38,1.03,86400,0
"D03","OSBS","000","060","2018-06-11",242.59,-1.89,1326.41,110932.67,1.13,86400,0
"D03","OSBS","000","060","2018-06-12",174.3,-1.97,1275,75773.42,0.94,86400,0
"D03","OSBS","000","060","2018-06-13",284.95,-1.99,1203.86,138559.36,1.27,86400,0
"D03","OSBS","000","060","2018-06-14",277.65,-2.1,1219.03,117325.33,1.17,86400,0
"D03","OSBS","000","060","2018-06-15",276,-1.97,1209.73,142164.53,1.28,86400,0
"D03","OSBS","000","060","2018-06-16",189.26,-1.87,1275.02,96148.07,1.05,86400,0
"D03","OSBS","000","060","2018-06-17",260.33,-1.81,1182.68,126681.36,1.21,86400,0
"D03","OSBS","000","060","2018-06-18",255.79,-2.35,1196.33,137918.19,1.26,86400,0
"D03","OSBS","000","060","2018-06-19",252.06,-1.84,1144.1,135323.5,1.25,86400,0
"D03","OSBS","000","060","2018-06-20",230.97,-2.84,1148.26,128488,1.22,86400,0
"D03","OSBS","000","060","2018-06-21",209.25,-2.13,1163.32,89231.2,1.02,86400,0
"D03","OSBS","000","060","2018-06-22",331.61,-1.73,1138.29,148165.42,1.31,86400,0
"D03","OSBS","000","060","2018-06-23",292.04,-1.89,1197.76,131347.18,1.23,86400,0
"D03","OSBS","000","060","2018-06-24",290.4,-1.8,1173.76,140311.66,1.27,86400,0
"D03","OSBS","000","060","2018-06-25",285.06,-1.99,1185.24,133920.88,1.24,86400,0
"D03","OSBS","000","060","2018-06-26",247.48,-2.14,1384.2,124273.86,1.2,86400,0
"D03","OSBS","000","060","2018-06-27",262.22,-1.75,1302.73,128661.93,1.22,86400,0
"D03","OSBS","000","060","2018-06-28",279.5,-1.8,1230.71,145677.26,1.3,86400,0
"D03","OSBS","000","060","2018-06-29",242.09,-1.86,1231.34,113324.07,1.15,86400,0
"D03","OSBS","000","060","2018-06-30",208.57,-1.75,1501.97,107139.93,1.11,86400,0
"D03","OSBS","000","060","2018-07-01",272.57,-1.81,1338.69,130181.78,1.23,86400,0
"D03","OSBS","000","060","2018-07-02",284.98,-2.54,1127.01,152528.3,1.33,86400,0
"D03","OSBS","000","060","2018-07-03",233.2,-2.17,1301.55,114720.35,1.15,86400,0
"D03","OSBS","000","060","2018-07-04",198.06,-2.19,1218.3,101582.04,1.08,86400,0
"D03","OSBS","000","060","2018-07-05",203.22,-1.89,1303.43,83164.84,0.98,86400,0
"D03","OSBS","000","060","2018-07-06",227.14,-2.08,1217.98,108295.42,1.12,86400,0
"D03","OSBS","000","060","2018-07-07",206.11,-1.76,1382.29,75254.05,0.93,86400,0
"D03","OSBS","000","060","2018-07-08",276.38,-1.99,1381.04,122191.65,1.19,86400,0
"D03","OSBS","000","060","2018-07-09",262.78,-1.84,1278.94,141125.1,1.28,86400,0
"D03","OSBS","000","060","2018-07-10",245.57,-2.3,1196.28,129732.98,1.28,79199,0
"D03","OSBS","000","060","2018-07-11",253.44,-1.94,1134.12,115037.51,1.15,86400,0
"D03","OSBS","000","060","2018-07-12",318.17,-2.3,1188.93,147749.74,1.31,86400,0
"D03","OSBS","000","060","2018-07-13",224.46,-2.49,1109.8,106227.11,1.11,86400,0
"D03","OSBS","000","060","2018-07-14",194.47,-2.33,1031.48,74002.33,0.93,86400,0
"D03","OSBS","000","060","2018-07-15",178.93,-2.25,1139.6,72721.89,0.92,86400,0
"D03","OSBS","000","060","2018-07-16",258.44,-2.13,1287.74,106119.38,1.11,86400,0
"D03","OSBS","000","060","2018-07-17",108.49,-1.73,1099.57,39681.86,0.68,86400,0
"D03","OSBS","000","060","2018-07-18",164.42,-1.57,1174.05,68393.1,0.89,86460,0
"D03","OSBS","000","060","2018-07-19",137.43,-1.73,1116.31,35338.89,0.64,86400,0
"D03","OSBS","000","060","2018-07-20",140.13,-1.84,1297.25,46975.74,0.74,86400,0
"D03","OSBS","000","060","2018-07-21",204.45,-1.51,1182.63,98476.25,1.07,86400,0
"D03","OSBS","000","060","2018-07-22",60.18,-1.84,1010.9,20026.26,0.48,86400,0
"D03","OSBS","000","060","2018-07-23",218.68,-1.76,1285.65,89385.6,1.02,86400,0
"D03","OSBS","000","060","2018-07-24",198.88,-1.8,1250.72,88170.52,1.01,86400,0
"D03","OSBS","000","060","2018-07-25",258.18,-1.89,1327.34,116999.88,1.16,86400,0
"D03","OSBS","000","060","2018-07-26",132.18,-2.1,896.09,36856.56,0.65,86400,0
"D03","OSBS","000","060","2018-07-27",280.92,-1.81,1238.04,130184.16,1.23,86400,0
"D03","OSBS","000","060","2018-07-28",284.51,-1.91,1428.75,137226.25,1.26,86400,0
"D03","OSBS","000","060","2018-07-29",256.86,-1.76,1176.14,136849.25,1.26,86400,0
"D03","OSBS","000","060","2018-07-30",174.85,-1.8,1166.59,96030.76,1.05,86400,0
"D03","OSBS","000","060","2018-07-31",170.89,-1.57,1575.73,59364.8,0.83,86400,0
"D03","OSBS","000","060","2018-08-01",249.21,-2.08,1163.29,106888.95,1.11,86391,0
"D03","OSBS","000","060","2018-08-02",234.26,-2.06,1275.26,134568.46,1.25,86400,0
"D03","OSBS","000","060","2018-08-03",310.93,-1.89,1162.52,147072.97,1.3,86400,0
"D03","OSBS","000","060","2018-08-04",286.01,-2.14,1207.27,136739.12,1.26,86400,0
"D03","OSBS","000","060","2018-08-05",310.94,-2.36,1147.36,151843.92,1.33,86400,0
"D03","OSBS","000","060","2018-08-06",293.63,-2.38,1160.75,136776.15,1.26,86400,0
"D03","OSBS","000","060","2018-08-07",270.39,-2.08,1260.14,124816.68,1.2,86400,0
"D03","OSBS","000","060","2018-08-08",300.81,-1.97,1116.05,145847.89,1.3,86400,0
"D03","OSBS","000","060","2018-08-09",214.82,-2.06,1195.55,105826.75,1.11,86400,0
"D03","OSBS","000","060","2018-08-10",268.65,-1.78,1099.5,134002.31,1.25,86400,0
"D03","OSBS","000","060","2018-08-11",287.98,-1.81,1167.77,141003.44,1.28,86400,0
"D03","OSBS","000","060","2018-08-12",176.61,-1.73,1149.45,91985.13,1.03,86400,0
"D03","OSBS","000","060","2018-08-13",221.41,-1.7,1339.17,109986.34,1.13,86400,0
"D03","OSBS","000","060","2018-08-14",220.79,-2.02,1335.93,106100.48,1.11,86400,0
"D03","OSBS","000","060","2018-08-15",256.04,-1.8,1228.38,138982.84,1.27,86393,0
"D03","OSBS","000","060","2018-08-16",231.51,-2.14,1149.72,134089.18,1.25,86400,0
"D03","OSBS","000","060","2018-08-17",177.42,-2,1187.36,98572.32,1.07,86400,0
"D03","OSBS","000","060","2018-08-18",268.78,-2.57,1190.16,137048.25,1.26,86400,0
"D03","OSBS","000","060","2018-08-19",279.38,-2.21,1250.83,140298.77,1.27,86400,0
"D03","OSBS","000","060","2018-08-20",191.85,-2.1,1200.57,104343.12,1.1,86400,0
"D03","OSBS","000","060","2018-08-21",211.64,-1.91,1129.51,94680.79,1.05,86400,0
"D03","OSBS","000","060","2018-08-22",247.53,-1.92,1196.01,115606.59,1.16,86400,0
"D03","OSBS","000","060","2018-08-23",241.63,-1.89,1096.89,106479.79,1.11,86393,0
"D03","OSBS","000","060","2018-08-24",147.97,-2.05,1126.83,61670.44,0.85,85930,0
"D03","OSBS","000","060","2018-08-25",231.99,-1.97,1146.35,128902.3,1.22,86400,0
"D03","OSBS","000","060","2018-08-26",176.85,-1.83,1203.23,65772.35,0.87,86400,0
"D03","OSBS","000","060","2018-08-27",259.48,-2.02,1172.46,121832.21,1.19,86399,0
"D03","OSBS","000","060","2018-08-28",196.33,-2.21,1144.24,79275.04,0.96,86400,0
"D03","OSBS","000","060","2018-08-29",96.06,-2.17,1151.75,32841.74,0.62,86400,0
"D03","OSBS","000","060","2018-08-30",119.26,-1.84,1038,50525.68,0.76,86400,0
"D03","OSBS","000","060","2018-08-31",214.65,-1.78,1182.05,86065.25,1,86400,0
"D03","OSBS","000","060","2018-09-01",238.59,-1.89,1247.53,103255.56,1.09,86400,0
"D03","OSBS","000","060","2018-09-02",196.28,-1.95,1206.56,83725.35,0.98,86400,0
"D03","OSBS","000","060","2018-09-03",116.69,-1.7,1120.76,38869.61,0.67,86400,0
"D03","OSBS","000","060","2018-09-04",201.62,-1.75,1186.57,80904.06,0.97,86400,0
"D03","OSBS","000","060","2018-09-05",263.3,-1.84,1104.43,117383.26,1.17,86400,0
"D03","OSBS","000","060","2018-09-06",257.43,-2,1190.04,122049.18,1.19,86400,0
"D03","OSBS","000","060","2018-09-07",230.83,-2.13,1186.93,110569.43,1.13,86400,0
"D03","OSBS","000","060","2018-09-08",185.52,-2.13,1153.6,90144.13,1.02,86400,0
"D03","OSBS","000","060","2018-09-09",206.83,-2.33,1198.48,98935.65,1.07,86400,0
"D03","OSBS","000","060","2018-09-10",228.99,-1.84,1077.13,128551.42,1.22,86400,0
"D03","OSBS","000","060","2018-09-11",186.45,-2.1,1188.15,85443.83,0.99,86400,0
"D03","OSBS","000","060","2018-09-12",228.28,-2.13,1125.59,103366.8,1.09,86397,0
"D03","OSBS","000","060","2018-09-13",211.63,-2.03,1145.06,108278.93,1.12,86400,0
"D03","OSBS","000","060","2018-09-14",262.96,-1.89,1049.21,118532.95,1.17,86400,0
"D03","OSBS","000","060","2018-09-15",255.9,-1.97,1055.07,113205.62,1.14,86400,0
"D03","OSBS","000","060","2018-09-16",205.62,-1.81,1055.56,91039.21,1.03,86400,0
"D03","OSBS","000","060","2018-09-17",230.87,-1.76,1044.43,111581.67,1.14,85999,0
"D03","OSBS","000","060","2018-09-18",230.95,-2.16,1088.8,100652.5,1.08,86398,0
"D03","OSBS","000","060","2018-09-19",237.1,-1.94,1034.8,114259.19,1.15,86400,0
"D03","OSBS","000","060","2018-09-20",236.34,-2.17,1027.23,102514.72,1.09,86400,0
"D03","OSBS","000","060","2018-09-21",231.22,-1.87,1016.65,103745.21,1.1,86400,0
"D03","OSBS","000","060","2018-09-22",195.86,-2.03,1115.11,91341.66,1.03,86400,0
"D03","OSBS","000","060","2018-09-23",223.96,-1.95,1044.79,96721.7,1.06,86400,0
"D03","OSBS","000","060","2018-09-24",145.53,-2.02,1175.17,58566.16,0.82,86400,0
"D03","OSBS","000","060","2018-09-25",190.65,-1.94,1105.97,77093.28,0.94,86400,0
"D03","OSBS","000","060","2018-09-26",219.11,-2,1018.72,109234.71,1.12,86400,0
"D03","OSBS","000","060","2018-09-27",243.91,-1.97,1049.27,109051.58,1.12,86400,0
"D03","OSBS","000","060","2018-09-28",237.74,-2.54,864.76,106612.37,1.11,86400,0
"D03","OSBS","000","060","2018-09-29",231.67,-1.87,1100.91,105514.47,1.11,86400,0
"D03","OSBS","000","060","2018-09-30",230.17,-2.24,1044.7,103546.36,1.09,86400,0
"D03","OSBS","000","060","2018-10-01",150.03,-1.81,1065.68,63385.09,0.86,86400,0
"D03","OSBS","000","060","2018-10-02",118.79,-1.75,1065.65,25274.23,0.54,86400,0
"D03","OSBS","000","060","2018-10-03",226.05,-1.99,979.8,99754.73,1.07,86400,0
"D03","OSBS","000","060","2018-10-04",224.06,-2.17,1031.31,101043.67,1.08,86400,0
"D03","OSBS","000","060","2018-10-05",227.98,-2.13,980.55,100339.29,1.08,86400,0
"D03","OSBS","000","060","2018-10-06",206.24,-2.36,1046.04,88046.99,1.01,86400,0
"D03","OSBS","000","060","2018-10-07",191.98,-1.92,1089.82,77380.93,0.95,86400,0
"D03","OSBS","000","060","2018-10-08",134.37,-2.35,999.71,38323.15,0.67,86400,0
"D03","OSBS","000","060","2018-10-09",157.25,-1.84,996.05,53940.3,0.79,86400,0
"D03","OSBS","000","060","2018-10-10",93.92,-1.81,873.27,22530.64,0.51,86398,0
"D03","OSBS","000","060","2018-10-11",201.22,-2.21,1030.86,84505.41,0.99,86400,0
"D03","OSBS","000","060","2018-10-12",232.32,-2.55,830.35,95912.21,1.05,86400,0
"D03","OSBS","000","060","2018-10-13",231.84,-2.6,821.67,94264.03,1.04,86400,0
"D03","OSBS","000","060","2018-10-14",212.46,-2.44,900.08,85399.94,0.99,86400,0
"D03","OSBS","000","060","2018-10-15",205.58,-1.89,966.77,90013.99,1.02,86400,0
"D03","OSBS","000","060","2018-10-16",199.56,-2.1,900.16,83656.69,0.98,86400,0
"D03","OSBS","000","060","2018-10-17",203.61,-2.38,1009.5,81224.82,0.97,86400,0
"D03","OSBS","000","060","2018-10-18",153.45,-2.21,901.54,65745.72,0.87,86400,0
"D03","OSBS","000","060","2018-10-19",104.57,-1.78,822.05,20320.92,0.48,86400,0
"D03","OSBS","000","060","2018-10-20",201.15,-1.95,856.39,81640.3,0.97,86319,0
"D03","OSBS","000","060","2018-10-21",223.37,-1.91,813.85,91801.6,1.03,86400,0
"D03","OSBS","000","060","2018-10-22",174.78,-1.95,997.56,62171.86,0.85,86400,0
"D03","OSBS","000","060","2018-10-23",60.12,-1.83,355.91,7552.28,0.3,86400,0
"D03","OSBS","000","060","2018-10-24",156.65,-1.95,1111.5,54425.99,0.79,86400,0
"D03","OSBS","000","060","2018-10-25",61.71,-1.91,701.99,9828.94,0.34,86398,0
"D03","OSBS","000","060","2018-10-26",95.93,-1.92,1019.71,27528.58,0.56,86400,0
"D03","OSBS","000","060","2018-10-27",146.43,-2.03,1150.73,53705.87,0.79,86400,0
"D03","OSBS","000","060","2018-10-28",211.98,-2.17,777.7,83456.58,0.98,86317,0
"D03","OSBS","000","060","2018-10-29",197.71,-2.35,812.54,75207.22,0.93,86400,0
"D03","OSBS","000","060","2018-10-30",208.1,-2.62,764.86,81016.6,0.97,86399,0
"D03","OSBS","000","060","2018-10-31",196.56,-2.25,763.69,76956.58,0.94,86400,0
"D03","OSBS","000","060","2018-11-01",156.31,-2.14,820.01,50366.08,0.76,86396,0
"D03","OSBS","000","060","2018-11-02",54.5,-1.83,566.24,10223.21,0.34,86389,0
"D03","OSBS","000","060","2018-11-03",181.51,-2.08,851.38,63686.84,0.86,86400,0
"D03","OSBS","000","060","2018-11-04",76.93,-2.14,899.66,15836.07,0.43,86400,0
"D03","OSBS","000","060","2018-11-05",104.23,-1.57,898.38,30284.61,0.59,86400,0
"D03","OSBS","000","060","2018-11-06",156.88,-2.11,861.31,52354.8,0.78,86399,0
"D03","OSBS","000","060","2018-11-07",64.68,-2.06,708.38,19636.06,0.53,69212,1
"D03","OSBS","000","060","2018-11-08",126.76,-2.03,806.28,44759.05,0.72,86400,0
"D03","OSBS","000","060","2018-11-09",146.13,-1.87,930.51,58525.88,0.82,86400,0
"D03","OSBS","000","060","2018-11-10",64.51,-1.92,578.32,9747.98,0.34,86400,0
"D03","OSBS","000","060","2018-11-11",138.87,-1.75,870.99,45494.66,0.73,86400,0
"D03","OSBS","000","060","2018-11-12",127.38,-1.78,979.22,44521.98,0.72,86400,0
"D03","OSBS","000","060","2018-11-13",156.91,-1.87,866.5,61858.6,0.85,86399,0
"D03","OSBS","000","060","2018-11-14",50.78,-1.61,311.92,5973.94,0.26,86400,0
"D03","OSBS","000","060","2018-11-15",75.86,-1.94,820.34,12592.6,0.38,86400,0
"D03","OSBS","000","060","2018-11-16",175.22,-2.21,721.87,70517.93,0.9,86400,0
"D03","OSBS","000","060","2018-11-17",182.81,-2.17,701.16,67198.16,0.88,86400,0
"D03","OSBS","000","060","2018-11-18",163.92,-2.19,908.36,58735.96,0.82,86400,0
"D03","OSBS","000","060","2018-11-19",154.27,-1.97,782.38,56664.77,0.81,86400,0
"D03","OSBS","000","060","2018-11-20",79.02,-2.22,786.95,16812.97,0.44,86400,0
"D03","OSBS","000","060","2018-11-21",140.88,-2.41,666,48856.21,0.78,80612,0
"D03","OSBS","000","060","2018-11-22",77.92,-2.17,838.52,20488.37,0.49,86400,0
"D03","OSBS","000","060","2018-11-23",128.95,-1.92,948.8,40617.26,0.69,86400,0
"D03","OSBS","000","060","2018-11-24",108.8,-1.91,816.3,27278.85,0.56,86400,0
"D03","OSBS","000","060","2018-11-25",114.92,-2.11,764,33020.33,0.62,86400,0
"D03","OSBS","000","060","2018-11-26",38.35,-2.02,351.54,4260.86,0.22,86400,0
"D03","OSBS","000","060","2018-11-27",179.54,-2.03,695.86,65684.42,0.87,86400,0
"D03","OSBS","000","060","2018-11-28",163.92,-2.13,781.59,56178.59,0.81,86400,0
"D03","OSBS","000","060","2018-11-29",138.61,-1.97,702.9,42694.86,0.7,86400,0
"D03","OSBS","000","060","2018-11-30",141.02,-2.14,712.16,42889.06,0.7,86400,0
"D03","OSBS","000","060","2018-12-01",18.63,-2.14,140.77,1101.54,0.11,86400,0
"D03","OSBS","000","060","2018-12-02",83.74,-1.57,871.61,17013.57,0.44,86325,0
"D03","OSBS","000","060","2018-12-03",45.56,-2,763.22,8277.89,0.31,85868,0
"D03","OSBS","000","060","2018-12-04",160.06,-2.08,631.68,53743.23,0.79,86400,0
"D03","OSBS","000","060","2018-12-05",155.27,-2.21,714.59,53085.72,0.78,86400,0
"D03","OSBS","000","060","2018-12-06",165.44,-2.28,656.88,58087.37,0.82,86400,0
"D03","OSBS","000","060","2018-12-07",159.93,-1.94,637.69,53626.55,0.79,86400,0
"D03","OSBS","000","060","2018-12-08",118.26,-1.67,797.41,37495.4,0.66,86400,0
"D03","OSBS","000","060","2018-12-09",63.71,-1.81,1017.49,17152.26,0.45,86399,0
"D03","OSBS","000","060","2018-12-10",29.39,-1.83,188.16,1931.67,0.15,86400,0
"D03","OSBS","000","060","2018-12-11",121.74,-2.33,930.5,45578.92,0.73,86393,0
"D03","OSBS","000","060","2018-12-12",164.41,-2.36,744.93,59514.54,0.83,86400,0
"D03","OSBS","000","060","2018-12-13",8.06,-1.99,147.39,673.39,0.11,51002,1
"D03","OSBS","000","060","2018-12-14",24.03,-1.08,103.31,519.79,0.12,37263,1
"D03","OSBS","000","060","2018-12-15",70.35,-2.13,910.93,14548.35,0.41,86400,0
"D03","OSBS","000","060","2018-12-16",155.56,-2.23,696.64,55961.44,0.8,86400,0
"D03","OSBS","000","060","2018-12-17",137.84,-2.13,863.1,44907.01,0.72,86398,0
"D03","OSBS","000","060","2018-12-18",169.68,-2.36,743.13,60628.95,0.84,86400,0
"D03","OSBS","000","060","2018-12-19",69.22,-2.58,647.44,16200,0.43,86387,0
"D03","OSBS","000","060","2018-12-20",28.08,-2.23,378.34,2900.16,0.18,86400,0
"D03","OSBS","000","060","2018-12-21",95.76,-2.19,882.28,31169.01,0.61,83327,0
"D03","OSBS","000","060","2018-12-22",164.02,-2.38,712.69,60287.34,0.84,86400,0
"D03","OSBS","000","060","2018-12-23",166.77,-2.29,663.84,59965.06,0.83,86400,0
"D03","OSBS","000","060","2018-12-24",150.93,-2.19,645.03,51832.59,0.77,86400,0
"D03","OSBS","000","060","2018-12-25",154.79,-2.04,712.3,51163.87,0.77,86400,0
"D03","OSBS","000","060","2018-12-26",124.42,-2,911.46,39829.31,0.68,86399,0
"D03","OSBS","000","060","2018-12-27",90.32,-2.06,683.71,20549.11,0.49,86400,0
"D03","OSBS","000","060","2018-12-28",66.87,-2.04,809.48,11492.02,0.36,86400,0
"D03","OSBS","000","060","2018-12-29",67.63,-1.98,1005.78,18489.61,0.46,86400,0
"D03","OSBS","000","060","2018-12-30",64.92,-1.98,282.58,7993.91,0.3,86400,0
"D03","OSBS","000","060","2018-12-31",132.32,-1.98,855.24,49728.93,0.76,86400,0
"D03","OSBS","000","060","2019-01-01",142.45,-2.31,759.08,47492.2,0.74,86400,0
"D03","OSBS","000","060","2019-01-02",112.62,-2.21,959.69,31417.35,0.6,86400,0
"D03","OSBS","000","060","2019-01-03",109.62,-2.26,869.37,27808.11,0.57,86400,0
"D03","OSBS","000","060","2019-01-04",80.69,-1.98,898.49,28077.66,0.57,86400,0
"D03","OSBS","000","060","2019-01-05",170.3,-2.03,667.11,60115.96,0.83,86400,0
"D03","OSBS","000","060","2019-01-06",172.98,-2.19,672.07,61429.32,0.84,86400,0
"D03","OSBS","000","060","2019-01-07",160.56,-2.34,883.31,59376.77,0.83,86400,0
"D03","OSBS","000","060","2019-01-08",146.09,-2.18,791.24,47955.1,0.75,86400,0
"D03","OSBS","000","060","2019-01-09",158.22,-2.56,743.46,54317.82,0.79,86400,0
"D03","OSBS","000","060","2019-01-10",173.3,-2.46,720.36,61979.14,0.85,86400,0
"D03","OSBS","000","060","2019-01-11",145.93,-2.09,965.1,53080.74,0.78,86400,0
"D03","OSBS","000","060","2019-01-12",109.94,-1.86,993.14,32719.15,0.62,86400,0
"D03","OSBS","000","060","2019-01-13",121.56,-2.06,927.99,38190.5,0.66,86400,0
"D03","OSBS","000","060","2019-01-14",87.76,-2.11,973.07,19285.29,0.47,86400,0
"D03","OSBS","000","060","2019-01-15",72.72,-1.9,593.39,11562.96,0.37,86400,0
"D03","OSBS","000","060","2019-01-16",136.19,-2.29,810.38,43094.33,0.71,84856,0
"D03","OSBS","000","060","2019-01-17",182.38,-2.33,717.89,67763.04,0.89,86400,0
"D03","OSBS","000","060","2019-01-18",161.28,-2.44,854.38,55703.32,0.8,86400,0
"D03","OSBS","000","060","2019-01-19",156.14,-2.09,877.69,56252.28,0.81,86400,0
"D03","OSBS","000","060","2019-01-20",92.62,-3.6,811.87,19920.2,0.48,86400,0
"D03","OSBS","000","060","2019-01-21",188.93,-2.04,718.59,70862.06,0.91,86400,0
"D03","OSBS","000","060","2019-01-22",176.97,-2.06,989.81,69744.81,0.9,86400,0
"D03","OSBS","000","060","2019-01-23",153.79,-2.09,913.91,55399.07,0.8,86400,0
"D03","OSBS","000","060","2019-01-24",165.41,-2.04,829.38,68516.01,0.89,86400,0
"D03","OSBS","000","060","2019-01-25",195.9,-2.06,738.39,75113.76,0.93,86400,0
"D03","OSBS","000","060","2019-01-26",145.24,-1.93,1051.45,55332.69,0.8,86400,0
"D03","OSBS","000","060","2019-01-27",10.2,-2.14,83.47,310.06,0.06,86400,0
"D03","OSBS","000","060","2019-01-28",196.07,-2.21,807.77,76129.44,0.94,86400,0
"D03","OSBS","000","060","2019-01-29",148.63,-2.34,1205.5,54804.03,0.8,86457,0
"D03","OSBS","000","060","2019-01-30",127.67,-1.85,1083.2,42801.19,0.7,86147,0
"D03","OSBS","000","060","2019-01-31",165.51,-1.95,857.48,64142.84,0.86,86400,0
"D03","OSBS","000","060","2019-02-01",113.99,-1.68,962.56,33740.05,0.62,86400,0
"D03","OSBS","000","060","2019-02-02",84.3,-1.43,1120.25,21775.25,0.5,86400,0
"D03","OSBS","000","060","2019-02-03",40.05,-1.81,416.72,3455.79,0.2,86400,0
"D03","OSBS","000","060","2019-02-04",125.02,-2.18,1001.23,41515.01,0.69,86400,0
"D03","OSBS","000","060","2019-02-05",193.84,-2.28,736.81,73608.07,0.92,86400,0
"D03","OSBS","000","060","2019-02-06",190.15,-2.29,772.67,69847.37,0.9,86400,0
"D03","OSBS","000","060","2019-02-07",185.24,-2.28,790.21,67592.82,0.88,86400,0
"D03","OSBS","000","060","2019-02-08",201,-2.31,755.7,78305.27,0.95,86400,0
"D03","OSBS","000","060","2019-02-09",104.07,-1.9,1019.5,24861.08,0.54,86400,0
"D03","OSBS","000","060","2019-02-10",66.78,-1.88,704.01,10643.73,0.35,86400,0
"D03","OSBS","000","060","2019-02-11",186.5,-2.26,1020.06,83205.92,0.98,86400,0
"D03","OSBS","000","060","2019-02-12",141.7,-2.24,996.75,54371.27,0.79,86400,0
"D03","OSBS","000","060","2019-02-13",81.67,-2.16,462.02,14984.91,0.42,86400,0
"D03","OSBS","000","060","2019-02-14",202.36,-2.11,867.33,83781.92,0.98,86400,0
"D03","OSBS","000","060","2019-02-15",171.38,-2.13,1095.09,60290.37,0.84,86400,0
"D03","OSBS","000","060","2019-02-16",160.85,-1.9,992.93,55180.69,0.8,86400,0
"D03","OSBS","000","060","2019-02-17",150.7,-1.91,1070.39,55395.08,0.8,86400,0
"D03","OSBS","000","060","2019-02-18",160.9,-1.85,1006.11,60796.27,0.84,86400,0
"D03","OSBS","000","060","2019-02-19",77.48,-1.8,1097.17,18505.19,0.46,86400,0
"D03","OSBS","000","060","2019-02-20",97.55,-1.22,1156.78,32169.9,0.61,86400,0
"D03","OSBS","000","060","2019-02-21",211.75,-2.49,1052.66,99255.32,1.07,86400,0
"D03","OSBS","000","060","2019-02-22",150.21,-2.03,1108.87,54804.98,0.8,86400,0
"D03","OSBS","000","060","2019-02-23",186.89,-2.03,1007.11,85196.06,0.99,86400,0
"D03","OSBS","000","060","2019-02-24",126.74,-1.85,1028.26,45664.08,0.73,86460,0
"D03","OSBS","000","060","2019-02-25",248.43,-2.24,887.53,108982.2,1.12,86400,0
"D03","OSBS","000","060","2019-02-26",32.91,-2.08,162.79,1965.39,0.15,86400,0
"D03","OSBS","000","060","2019-02-27",143.98,-2.19,887.27,52580.23,0.78,86400,0
"D03","OSBS","000","060","2019-02-28",207.49,-1.91,1156.86,86940.56,1,86400,0
"D03","OSBS","000","060","2019-03-01",156.11,-2.09,1090.21,59530.13,0.83,86400,0
"D03","OSBS","000","060","2019-03-02",74.96,-2.56,1037.33,18011.97,0.46,86400,0
"D03","OSBS","000","060","2019-03-03",160.69,-2.06,1191.15,53657.44,0.79,86400,0
"D03","OSBS","000","060","2019-03-04",92.52,-2.14,1013.03,16979.79,0.44,86400,0
"D03","OSBS","000","060","2019-03-05",98.3,-2.23,1278.59,24696.23,0.53,86400,0
"D03","OSBS","000","060","2019-03-06",275.35,-2.33,935.55,125417.33,1.2,86400,0
"D03","OSBS","000","060","2019-03-07",262.32,-2.34,915.93,120141.38,1.18,86400,0
"D03","OSBS","000","060","2019-03-08",247.44,-2.29,915.55,107348.86,1.11,86400,0
"D03","OSBS","000","060","2019-03-09",202.42,-2.39,1036.28,76840.17,0.94,86400,0
"D03","OSBS","000","060","2019-03-10",206.04,-2.09,1105.5,87564.9,1.01,86400,0
"D03","OSBS","000","060","2019-03-11",201.01,-2.13,1041.01,77395.26,0.95,86400,0
"D03","OSBS","000","060","2019-03-12",240.65,-2.09,1215.19,110296.89,1.13,86400,0
"D03","OSBS","000","060","2019-03-13",210.87,-2.16,1099.89,78887.53,0.96,86400,0
"D03","OSBS","000","060","2019-03-14",226.83,-2.21,1189.59,102355.77,1.09,86400,0
"D03","OSBS","000","060","2019-03-15",237.06,-2.19,1058.09,106650.09,1.11,86400,0
"D03","OSBS","000","060","2019-03-16",105.4,-2.03,895,29036.19,0.58,86400,0
"D03","OSBS","000","060","2019-03-17",75.21,-1.85,379.37,10279.93,0.34,86400,0
"D03","OSBS","000","060","2019-03-18",238.55,-1.75,1263.04,115977.02,1.16,86400,0
"D03","OSBS","000","060","2019-03-19",90.91,-1.9,1363.18,28689.05,0.58,86400,0
"D03","OSBS","000","060","2019-03-20",238.07,-1.61,1373.29,113488.13,1.15,86400,0
"D03","OSBS","000","060","2019-03-21",273.65,-2.24,920.45,120312.79,1.18,86400,0
"D03","OSBS","000","060","2019-03-22",288.13,-2.23,978.84,150389.35,1.44,72483,0
"D03","OSBS","000","060","2019-03-23",NA,NA,NA,NA,NA,0,1
"D03","OSBS","000","060","2019-03-24",NA,NA,NA,NA,NA,0,1
"D03","OSBS","000","060","2019-03-25",451.65,-1.6,1179.59,92341.13,1.47,42537,1
"D03","OSBS","000","060","2019-03-26",263.31,-1.86,1152.27,129577.81,1.22,86400,0
"D03","OSBS","000","060","2019-03-27",237.87,-1.81,1123.5,129672.06,1.27,80404,0
"D03","OSBS","000","060","2019-03-28",246.71,-1.8,1214.71,126876.31,1.21,86400,0
"D03","OSBS","000","060","2019-03-29",234.57,-2.04,1277.46,97422.11,1.06,86400,0
"D03","OSBS","000","060","2019-03-30",259.51,-2.24,1211.32,129083.27,1.22,86400,0
"D03","OSBS","000","060","2019-03-31",257.27,-2.44,1351.7,123911.11,1.2,86400,0
"D03","OSBS","000","060","2019-04-01",40.82,-2.18,228.4,3183.84,0.19,86400,0
"D03","OSBS","000","060","2019-04-02",208.89,-1.58,1465.83,92217.5,1.03,86400,0
"D03","OSBS","000","060","2019-04-03",298,-2.09,1065.83,135934.59,1.25,86400,0
"D03","OSBS","000","060","2019-04-04",281.06,-2.18,1229.32,137518.05,1.26,86400,0
"D03","OSBS","000","060","2019-04-05",173.51,-2.13,1243.01,69584.39,0.9,86400,0
"D03","OSBS","000","060","2019-04-06",198.91,-2.01,1121.11,84155.08,0.99,86400,0
"D03","OSBS","000","060","2019-04-07",259.02,-2.06,1016.27,115622.02,1.16,86400,0
"D03","OSBS","000","060","2019-04-08",193.66,-2.19,1157.44,92039.5,1.03,86400,0
"D03","OSBS","000","060","2019-04-09",199.83,-1.93,1277.89,96785.99,1.06,86400,0
"D03","OSBS","000","060","2019-04-10",221.94,-1.93,1329.2,103385.26,1.09,86400,0
"D03","OSBS","000","060","2019-04-11",205.55,-2.11,1337.12,102996.11,1.09,86400,0
"D03","OSBS","000","060","2019-04-12",270.85,-2.13,1200.67,132567.98,1.24,86400,0
"D03","OSBS","000","060","2019-04-13",210.17,-2.28,1195.63,85894.29,1,86400,0
"D03","OSBS","000","060","2019-04-14",176.67,-2.18,1014.94,63472.49,0.86,86400,0
"D03","OSBS","000","060","2019-04-15",333.55,-2.53,1042.01,159094.89,1.36,86400,0
"D03","OSBS","000","060","2019-04-16",327.47,-2.62,1024.77,153461.68,1.33,86400,0
"D03","OSBS","000","060","2019-04-17",266.16,-2.26,1256.91,130921.56,1.23,86400,0
"D03","OSBS","000","060","2019-04-18",297.97,-2.19,1410.79,142953.7,1.29,86325,0
"D03","OSBS","000","060","2019-04-19",96.97,-2.48,688.99,21101.22,0.49,86400,0
"D03","OSBS","000","060","2019-04-20",277.26,-2.13,1429.79,145991.93,1.3,86400,0
"D03","OSBS","000","060","2019-04-21",335.57,-2.26,1048.79,158276.48,1.35,86400,0
"D03","OSBS","000","060","2019-04-22",333.2,-2.79,1032.18,156546.6,1.35,86400,0
"D03","OSBS","000","060","2019-04-23",314.78,-2.51,1018.09,142495.02,1.28,86400,0
"D03","OSBS","000","060","2019-04-24",293.07,-2.49,1156.7,130661.77,1.23,86400,0
"D03","OSBS","000","060","2019-04-25",274.57,-2.56,1165.48,119952.71,1.18,86393,0
"D03","OSBS","000","060","2019-04-26",194.59,-1.96,1417.31,96957.41,1.06,86400,0
"D03","OSBS","000","060","2019-04-27",342.62,-2.58,1048.71,162094.09,1.37,86400,0
"D03","OSBS","000","060","2019-04-28",328.2,-2.58,1217.2,165509.9,1.38,86400,0
"D03","OSBS","000","060","2019-04-29",326.78,-2.48,1130.62,150256.67,1.32,86400,0
"D03","OSBS","000","060","2019-04-30",267.06,-2.34,1253.68,130655.99,1.23,86400,0
"D03","OSBS","000","060","2019-05-01",309.85,-2.31,1221.52,153950.11,1.33,86400,0
"D03","OSBS","000","060","2019-05-02",230.72,-2.19,1475.13,106771.1,1.11,86400,0
"D03","OSBS","000","060","2019-05-03",162.36,-2.08,1288.21,69049.27,0.89,86400,0
"D03","OSBS","000","060","2019-05-04",263,-2,1269.38,137563.69,1.26,86400,0
"D03","OSBS","000","060","2019-05-05",87.6,-2.19,884.75,24522.91,0.53,86400,0
"D03","OSBS","000","060","2019-05-06",303.03,-2.23,1247.93,142481.23,1.28,86400,0
"D03","OSBS","000","060","2019-05-07",295.42,-2.61,1183.69,151332.53,1.32,86400,0
"D03","OSBS","000","060","2019-05-08",299.96,-2.24,1174.79,140861.48,1.28,86400,0
"D03","OSBS","000","060","2019-05-09",235.32,-2.34,1375.87,92249.7,1.03,86400,0
"D03","OSBS","000","060","2019-05-10",294.83,-2.14,1143.5,145781.83,1.3,86399,0
"D03","OSBS","000","060","2019-05-11",283.43,-2.16,1117.94,130276.44,1.23,86400,0
"D03","OSBS","000","060","2019-05-12",271.16,-2.04,1219.97,121939.8,1.19,86400,0
"D03","OSBS","000","060","2019-05-13",174.43,-1.96,1247.07,58868.13,0.83,86400,0
"D03","OSBS","000","060","2019-05-14",303.01,-2.11,1099.32,150141.42,1.32,86400,0
"D03","OSBS","000","060","2019-05-15",296.6,-2.39,1248.49,152657.44,1.35,83510,0
"D03","OSBS","000","060","2019-05-16",275.46,-2.36,1216.54,133704.71,1.24,86400,0
"D03","OSBS","000","060","2019-05-17",295.63,-2.29,1148.57,136733.17,1.26,86400,0
"D03","OSBS","000","060","2019-05-18",326.47,-2.56,1170.73,154945.69,1.34,86400,0
"D03","OSBS","000","060","2019-05-19",338.57,-2.59,1037.53,163384.51,1.38,86400,0
"D03","OSBS","000","060","2019-05-20",254.37,-2.31,1204.28,123208.03,1.19,86400,0
"D03","OSBS","000","060","2019-05-21",283.53,-2.26,1167.3,138123.99,1.26,86400,0
"D03","OSBS","000","060","2019-05-22",336.15,-2.29,1146.22,157023.47,1.35,86400,0
"D03","OSBS","000","060","2019-05-23",318.3,-2.34,1240.42,154367.17,1.34,86388,0
"D03","OSBS","000","060","2019-05-24",342.41,-2.38,1016.57,151942,1.33,86400,0
"D03","OSBS","000","060","2019-05-25",320.56,-2.61,1210.95,145287.12,1.3,86400,0
"D03","OSBS","000","060","2019-05-26",340.41,-2.58,1009.79,149494.76,1.32,86400,0
"D03","OSBS","000","060","2019-05-27",309.93,-2.48,1050.22,142632.29,1.28,86400,0
"D03","OSBS","000","060","2019-05-28",221.88,-2.11,1041.94,105053.53,1.1,86400,0
"D03","OSBS","000","060","2019-05-29",336.1,-2.66,1012.93,151152.37,1.32,86400,0
"D03","OSBS","000","060","2019-05-30",324.31,-2.54,1169.01,149398.71,1.31,86400,0
"D03","OSBS","000","060","2019-05-31",250.54,-2.26,1327.9,111420.99,1.14,86400,0
"D03","OSBS","000","060","2019-06-01",289.46,-2.14,1169.76,134669.91,1.25,86400,0
"D03","OSBS","000","060","2019-06-02",315.08,-2,1215.59,145445.58,1.3,86400,0
"D03","OSBS","000","060","2019-06-03",317.62,-2.06,1144.71,149163.47,1.31,86400,0
"D03","OSBS","000","060","2019-06-04",248.54,-2.21,1212.81,129302.94,1.24,83991,0
"D03","OSBS","000","060","2019-06-05",257.5,-3.14,1201.6,126207.87,1.21,86400,0
"D03","OSBS","000","060","2019-06-06",205.33,-2.09,1296.22,89076.05,1.02,86400,0
"D03","OSBS","000","060","2019-06-07",152.29,-2,1161.52,39994.58,0.68,86400,0
"D03","OSBS","000","060","2019-06-08",194.86,-2.21,1058.56,80886.66,0.97,86400,0
"D03","OSBS","000","060","2019-06-09",85.35,-1.86,877.74,18172.42,0.46,86400,0
"D03","OSBS","000","060","2019-06-10",240.45,-2.03,1271.94,108656.38,1.12,86400,0
"D03","OSBS","000","060","2019-06-11",242.01,-1.95,1325.19,117256.7,1.16,86400,0
"D03","OSBS","000","060","2019-06-12",168.36,-2.03,1372.61,51972.82,0.78,86400,0
"D03","OSBS","000","060","2019-06-13",111.5,-2.61,1254.31,24111.6,0.53,86358,0
"D03","OSBS","000","060","2019-06-14",282.24,-1.9,1411.34,120442.4,1.18,86399,0
"D03","OSBS","000","060","2019-06-15",223.32,-2.23,1354.48,107297.13,1.11,86400,0
"D03","OSBS","000","060","2019-06-16",208.76,-2.21,1279.23,108179.09,1.12,86400,0
"D03","OSBS","000","060","2019-06-17",205.06,-2.14,1493.52,90109.52,1.02,86362,0
"D03","OSBS","000","060","2019-06-18",201.69,-2.13,1373.1,83108.95,0.98,86400,0
"D03","OSBS","000","060","2019-06-19",104.41,-1.9,1365.36,49282.48,0.76,86399,0
"D03","OSBS","000","060","2019-06-20",243.3,-1.81,1309.76,104548.4,1.1,86400,0
"D03","OSBS","000","060","2019-06-21",270.27,-1.88,1212.43,126611.67,1.21,86400,0
"D03","OSBS","000","060","2019-06-22",254.67,-1.9,1222.1,101978.78,1.09,86400,0
"D03","OSBS","000","060","2019-06-23",303.76,-2.19,1161.95,138393.75,1.27,86400,0
"D03","OSBS","000","060","2019-06-24",328.04,-2.21,1014.1,142634.03,1.28,86400,0
"D03","OSBS","000","060","2019-06-25",300.82,-2.24,1127.67,136801.71,1.26,86400,0
"D03","OSBS","000","060","2019-06-26",281.82,-2.38,1170.67,131505.92,1.23,86400,0
"D03","OSBS","000","060","2019-06-27",315.95,-2.38,1060.39,137659.39,1.26,86400,0
"D03","OSBS","000","060","2019-06-28",245.04,-2.26,1181,128248.35,1.22,86400,0
"D03","OSBS","000","060","2019-06-29",232.29,-2.09,1217.27,105620.11,1.11,86400,0
"D03","OSBS","000","060","2019-06-30",282.42,-2.08,1203.78,113595.83,1.15,86400,0
"D03","OSBS","000","060","2019-07-01",288.05,-3.01,1154.43,144074.45,1.29,86400,0
"D03","OSBS","000","060","2019-07-02",297.63,-2.01,1139.39,153421.72,1.33,86400,0
"D03","OSBS","000","060","2019-07-03",251.99,-2.06,1068.69,136854.17,1.28,83625,0
"D03","OSBS","000","060","2019-07-04",246.39,-2.34,1273.89,134775.91,1.25,86400,0
"D03","OSBS","000","060","2019-07-05",129.44,-2.06,1414.78,62192.2,0.85,86400,0
"D03","OSBS","000","060","2019-07-06",182.48,-1.86,1317.48,85140.84,0.99,86400,0
"D03","OSBS","000","060","2019-07-07",182.9,-1.7,1405.54,68882.18,0.89,86400,0
"D03","OSBS","000","060","2019-07-08",260.59,-1.85,1189.84,116447.69,1.16,86400,0
"D03","OSBS","000","060","2019-07-09",221.99,-2.01,1205.19,119707.33,1.19,84464,0
"D03","OSBS","000","060","2019-07-10",221.94,-2.06,1287.29,117392.35,1.17,86400,0
"D03","OSBS","000","060","2019-07-11",254.5,-2.16,1166.86,134804.95,1.25,86400,0
"D03","OSBS","000","060","2019-07-12",271.64,-1.96,1310.97,134614.6,1.25,86400,0
"D03","OSBS","000","060","2019-07-13",282.49,-2.09,1170.63,126219.14,1.21,86400,0
"D03","OSBS","000","060","2019-07-14",300.96,-2.26,1118.65,132594.37,1.24,86400,0
"D03","OSBS","000","060","2019-07-15",289.52,-2.28,1061.3,141299.82,1.28,85808,0
"D03","OSBS","000","060","2019-07-16",260.83,-2.04,1336.96,121360.41,1.19,86400,0
"D03","OSBS","000","060","2019-07-17",173.18,-2.09,1215.68,82530.09,0.98,86400,0
"D03","OSBS","000","060","2019-07-18",281.65,-2.11,1061.87,117586.41,1.17,85883,0
"D03","OSBS","000","060","2019-07-19",178.26,-2.21,1234.64,91736.74,1.03,86400,0
"D03","OSBS","000","060","2019-07-20",248.48,-2.21,1282.73,119775.27,1.18,86400,0
"D03","OSBS","000","060","2019-07-21",240.05,-2.16,1269.99,130679.53,1.23,86400,0
"D03","OSBS","000","060","2019-07-22",288.29,-2.09,1175,133231.62,1.24,86400,0
"D03","OSBS","000","060","2019-07-23",265.51,-2.71,1349.67,115387.52,1.16,86400,0
"D03","OSBS","000","060","2019-07-24",95.01,-2.04,1322.93,25772.79,0.55,86400,0
"D03","OSBS","000","060","2019-07-25",176.11,-2.24,1158.45,65316.64,0.87,86400,0
"D03","OSBS","000","060","2019-07-26",105.52,-2.44,1185.96,19599.37,0.48,86400,0
"D03","OSBS","000","060","2019-07-27",229.13,-1.98,1274.35,89188.96,1.02,86400,0
"D03","OSBS","000","060","2019-07-28",215.28,-2.06,1452.57,95712.36,1.05,86400,0
"D03","OSBS","000","060","2019-07-29",264.41,-2,1299.77,112411.64,1.14,86400,0
"D03","OSBS","000","060","2019-07-30",300.06,-2.24,1238.92,141098.4,1.28,86400,0
"D03","OSBS","000","060","2019-07-31",205.71,-2.19,1237.16,85743.03,1,86400,0
"D03","OSBS","000","060","2019-08-01",183.28,-2.03,1190.39,75998.93,0.94,85652,0
"D03","OSBS","000","060","2019-08-02",189.5,-2.04,1340.76,77203.9,0.95,86400,0
"D03","OSBS","000","060","2019-08-03",248.16,-2.08,1249.24,114061.14,1.15,86400,0
"D03","OSBS","000","060","2019-08-04",274.06,-2.14,1223.61,136584.06,1.26,86400,0
"D03","OSBS","000","060","2019-08-05",251.85,-1.98,1257.89,113269.28,1.15,86285,0
"D03","OSBS","000","060","2019-08-06",272.61,-2.16,1479.69,129753.43,1.23,86400,0
"D03","OSBS","000","060","2019-08-07",137.55,-1.95,1176.21,55904.69,0.8,86400,0
"D03","OSBS","000","060","2019-08-08",277.37,-1.93,1276.57,137763.67,1.26,86399,0
"D03","OSBS","000","060","2019-08-09",269.04,-2.01,1091.04,117877.15,1.17,86400,0
"D03","OSBS","000","060","2019-08-10",277.04,-1.95,1118.9,125467.37,1.21,86400,0
"D03","OSBS","000","060","2019-08-11",262.21,-2.31,1155.43,137069.89,1.26,86400,0
"D03","OSBS","000","060","2019-08-12",273.22,-2.14,1187.15,134669.85,1.25,86400,0
"D03","OSBS","000","060","2019-08-13",262.87,-2.19,1141.48,134350.3,1.25,86400,0
"D03","OSBS","000","060","2019-08-14",274.81,-2.08,1197.69,140497.65,1.28,85906,0
"D03","OSBS","000","060","2019-08-15",143.87,-1.98,1263.47,48794.53,0.75,86400,0
"D03","OSBS","000","060","2019-08-16",78.26,-1.85,550.93,11499.5,0.36,86399,0
"D03","OSBS","000","060","2019-08-17",70.11,-1.78,543.56,10426.92,0.35,86400,0
"D03","OSBS","000","060","2019-08-18",116.5,-2.33,807.01,23831.37,0.53,86400,0
"D03","OSBS","000","060","2019-08-19",219.74,-1.85,1137.4,88593.21,1.01,86400,0
"D03","OSBS","000","060","2019-08-20",211.14,-2.06,1233.12,106273.04,1.11,86400,0
"D03","OSBS","000","060","2019-08-21",247.99,-2.16,1232.41,113557.41,1.15,86400,0
"D03","OSBS","000","060","2019-08-22",241.09,-2.23,1196.32,113604.95,1.15,86400,0
"D03","OSBS","000","060","2019-08-23",288.34,-2.26,1220.8,137867.23,1.26,86400,0
"D03","OSBS","000","060","2019-08-24",274.33,-2.26,1220.27,135779.05,1.25,86399,0
"D03","OSBS","000","060","2019-08-25",193.5,-2.09,1325.48,86601.9,1,86400,0
"D03","OSBS","000","060","2019-08-26",195,-1.98,1181.09,85248.48,0.99,86400,0
"D03","OSBS","000","060","2019-08-27",203.42,-2.06,1232.74,99525.17,1.07,86400,0
"D03","OSBS","000","060","2019-08-28",219.24,-2.09,1208.39,100003.7,1.08,86400,0
"D03","OSBS","000","060","2019-08-29",265.51,-2.21,1151.02,122835.09,1.19,86400,0
"D03","OSBS","000","060","2019-08-30",115.4,-2.28,1281.6,42628.9,0.7,86400,0
"D03","OSBS","000","060","2019-08-31",251.59,-2.13,1210.49,123739.06,1.2,86400,0
"D03","OSBS","000","060","2019-09-01",147.44,-2,1236.79,49329.34,0.76,86400,0
"D03","OSBS","000","060","2019-09-02",245.28,-1.98,1328.6,123535.89,1.2,86400,0
"D03","OSBS","000","060","2019-09-03",214.51,-2.14,1268.54,91177.91,1.03,86400,0
"D03","OSBS","000","060","2019-09-04",110.81,-2.41,623.88,21883.65,0.5,86007,0
"D03","OSBS","000","060","2019-09-05",231.89,-3.88,901.15,91877.92,1.03,86400,0
"D03","OSBS","000","060","2019-09-06",292.66,-2.09,964.44,129323.16,1.22,86400,0
"D03","OSBS","000","060","2019-09-07",289.2,-2.21,1007.74,128547.18,1.22,86400,0
"D03","OSBS","000","060","2019-09-08",284.79,-2.41,945.77,125574.16,1.21,86400,0
"D03","OSBS","000","060","2019-09-09",258.67,-2.56,1016.8,117752.07,1.17,86400,0
"D03","OSBS","000","060","2019-09-10",252.99,-2.29,1121.6,120443.39,1.18,86400,0
"D03","OSBS","000","060","2019-09-11",249.78,-2.28,1034.12,114124.03,1.15,85691,0
"D03","OSBS","000","060","2019-09-12",240.66,-2.08,1099.67,113375.05,1.15,86398,0
"D03","OSBS","000","060","2019-09-13",170.04,-2,1198.8,55710.97,0.8,86400,0
"D03","OSBS","000","060","2019-09-14",231.62,-2.03,1165.02,106606.87,1.11,86400,0
"D03","OSBS","000","060","2019-09-15",199.62,-2.38,1290.61,89364.16,1.02,86400,0
"D03","OSBS","000","060","2019-09-16",241.69,-2.28,1142.41,114933.33,1.15,86400,0
"D03","OSBS","000","060","2019-09-17",265.97,-2.39,960.97,112325.22,1.14,86400,0
"D03","OSBS","000","060","2019-09-18",204.16,-2.46,861.6,68542.82,0.89,86400,0
"D03","OSBS","000","060","2019-09-19",217.1,-2.82,1289.39,101160.56,1.08,86400,0
"D03","OSBS","000","060","2019-09-20",216.55,-2.26,1198.61,89424.59,1.02,86400,0
"D03","OSBS","000","060","2019-09-21",211.2,-2.23,1265.65,97820.46,1.06,86400,0
"D03","OSBS","000","060","2019-09-22",254.68,-2.24,1266,129983.3,1.23,86400,0
"D03","OSBS","000","060","2019-09-23",232.38,-2.31,1194.75,105856.34,1.11,86400,0
"D03","OSBS","000","060","2019-09-24",267.88,-2.64,954.63,116426.53,1.16,86400,0
"D03","OSBS","000","060","2019-09-25",255.74,-2.56,1104.09,110466.58,1.14,85423,0
"D03","OSBS","000","060","2019-09-26",240.03,-2.11,1012.44,105178.9,1.1,86400,0
"D03","OSBS","000","060","2019-09-27",204.76,-2.33,1007.31,82209.3,0.98,86400,0
"D03","OSBS","000","060","2019-09-28",147.63,-2.38,1326.34,46638.86,0.73,86400,0
"D03","OSBS","000","060","2019-09-29",232.55,-2.18,1101.82,112736.23,1.14,86400,0
"D03","OSBS","000","060","2019-09-30",203.19,-2.67,1043.17,91518.7,1.03,86400,0
