"domainID","siteID","horizontalPosition","verticalPosition","date","wssTempTripleMean","wssTempTripleMinimum","wssTempTripleMaximum","wssTempTripleVariance","wssTempTripleStdErMean","wssTempTripleNumPts","tempTripleQF"
"D03","OSBS","000","060","2018-01-01",7.1496,0.9799,14.8482,16.4015,0.0166,59400,1
"D03","OSBS","000","060","2018-01-02",1.5613,-0.721,4.4584,2.3683,0.007,48870,1
"D03","OSBS","000","060","2018-01-03",2.0914,0.6282,5.2663,0.616,0.0039,40200,1
"D03","OSBS","000","060","2018-01-04",1.8333,-2.2491,8.638,11.1074,0.0124,72270,1
"D03","OSBS","000","060","2018-01-05",2.8853,-2.0524,8.4578,10.0368,0.0112,80490,0
"D03","OSBS","000","060","2018-01-06",5.1679,0.4746,10.2909,7.8267,0.0097,84030,0
"D03","OSBS","000","060","2018-01-07",6.2953,1.4696,14.2151,19.5655,0.0153,83460,0
"D03","OSBS","000","060","2018-01-08",9.836,4.5694,19.5243,27.8097,0.0184,82020,0
"D03","OSBS","000","060","2018-01-09",16.3788,13.9351,23.4814,7.5536,0.0097,79860,0
"D03","OSBS","000","060","2018-01-10",18.0293,16.8601,20.2593,1.2258,0.0039,78900,0
"D03","OSBS","000","060","2018-01-11",19.5849,17.6929,23.4233,3.2987,0.0063,83940,0
"D03","OSBS","000","060","2018-01-12",19.1011,17.5721,21.7258,1.2861,0.0042,72420,1
"D03","OSBS","000","060","2018-01-13",11.3676,5.3831,17.7261,12.7692,0.0131,74880,1
"D03","OSBS","000","060","2018-01-14",5.2059,-0.1135,11.8276,14.5478,0.0136,78870,0
"D03","OSBS","000","060","2018-01-15",6.5037,1.8429,13.2237,12.2776,0.0121,84090,0
"D03","OSBS","000","060","2018-01-16",8.8727,3.4245,18.1872,29.2396,0.0184,86310,0
"D03","OSBS","000","060","2018-01-17",9.3976,5.0126,13.8396,3.2319,0.0065,76230,0
"D03","OSBS","000","060","2018-01-18",1.969,-4.3031,9.1818,23.8865,0.0194,63660,1
"D03","OSBS","000","060","2018-01-19",7.7496,1.7039,16.0973,22.9642,0.0163,86400,0
"D03","OSBS","000","060","2018-01-20",11.3712,5.8105,16.0875,10.334,0.0109,86400,0
"D03","OSBS","000","060","2018-01-21",14.4652,9.2868,22.077,18.0419,0.0145,86340,0
"D03","OSBS","000","060","2018-01-22",17.0718,11.5783,25.1887,23.107,0.0169,80940,0
"D03","OSBS","000","060","2018-01-23",19.7713,17.8582,22.5851,1.7538,0.0048,77250,0
"D03","OSBS","000","060","2018-01-24",12.7619,6.8952,19.2491,12.0582,0.0119,85800,0
"D03","OSBS","000","060","2018-01-25",11.2493,6.6426,15.3035,5.8257,0.0086,78180,0
"D03","OSBS","000","060","2018-01-26",11.2108,6.9721,20.545,18.8398,0.0161,72450,1
"D03","OSBS","000","060","2018-01-27",16.629,13.8661,23.2186,7.6266,0.0102,73410,0
"D03","OSBS","000","060","2018-01-28",18.603,15.8142,23.6171,5.444,0.0081,82200,0
"D03","OSBS","000","060","2018-01-29",17.4034,14.6112,19.6596,2.1736,0.0057,67440,1
"D03","OSBS","000","060","2018-01-30",11.0393,7.0434,15.6505,5.3745,0.0089,68400,1
"D03","OSBS","000","060","2018-01-31",8.8776,3.2151,16.3162,18.2878,0.0148,83250,0
"D03","OSBS","000","060","2018-02-01",13.5737,8.5945,21.0697,21.673,0.0159,86190,0
"D03","OSBS","000","060","2018-02-02",16.0272,12.9097,20.185,3.7747,0.0069,78390,0
"D03","OSBS","000","060","2018-02-03",10.4666,5.2049,16.6343,13.0285,0.013,77580,0
"D03","OSBS","000","060","2018-02-04",14.8063,11.2365,21.022,9.521,0.0118,67860,1
"D03","OSBS","000","060","2018-02-05",16.6113,11.352,21.199,7.1126,0.0092,83580,0
"D03","OSBS","000","060","2018-02-06",15.2865,10.3836,24.0853,22.544,0.0164,84060,0
"D03","OSBS","000","060","2018-02-07",19.2385,15.76,25.8635,12.4703,0.013,74280,1
"D03","OSBS","000","060","2018-02-08",18.4749,15.7159,21.9942,1.5335,0.0044,79950,0
"D03","OSBS","000","060","2018-02-09",17.4158,12.5271,25.4788,20.4904,0.0155,85800,0
"D03","OSBS","000","060","2018-02-10",21.3688,18.1862,27.2629,8.3539,0.0102,80280,0
"D03","OSBS","000","060","2018-02-11",22.244,18.2358,27.803,8.6629,0.0105,78480,0
"D03","OSBS","000","060","2018-02-12",21.3922,18.1526,26.9616,7.0826,0.0091,85328,0
"D03","OSBS","000","060","2018-02-13",17.9876,13.2624,21.8584,4.1747,0.007,85290,0
"D03","OSBS","000","060","2018-02-14",13.9788,12.1206,19.9103,5.3566,0.0079,85889,0
"D03","OSBS","000","060","2018-02-15",17.5881,12.8323,26.3374,22.5116,0.0162,85740,0
"D03","OSBS","000","060","2018-02-16",19.8214,15.8177,25.5912,10.2012,0.0112,81960,0
"D03","OSBS","000","060","2018-02-17",20.5616,17.4704,26.7589,8.084,0.0099,82500,0
"D03","OSBS","000","060","2018-02-18",20.767,17.1203,27.692,10.1791,0.0109,85320,0
"D03","OSBS","000","060","2018-02-19",20.4639,17.4479,27.4001,10.2169,0.0114,78810,0
"D03","OSBS","000","060","2018-02-20",22.0542,18.8058,27.5847,8.298,0.0104,76290,0
"D03","OSBS","000","060","2018-02-21",23.087,20.1288,28.0768,5.9255,0.0087,78240,0
"D03","OSBS","000","060","2018-02-22",21.9909,18.3112,27.5289,7.0812,0.0095,78750,0
"D03","OSBS","000","060","2018-02-23",21.4006,17.2798,28.3923,10.9531,0.0116,81660,0
"D03","OSBS","000","060","2018-02-24",21.7472,16.641,28.0598,12.8085,0.0123,85350,0
"D03","OSBS","000","060","2018-02-25",23.1575,19.064,28.3851,8.217,0.0099,84630,0
"D03","OSBS","000","060","2018-02-26",22.6968,18.771,28.1208,6.7158,0.0094,76680,0
"D03","OSBS","000","060","2018-02-27",18.6272,15.5945,22.2735,3.1723,0.0062,81360,0
"D03","OSBS","000","060","2018-02-28",18.5764,13.4925,26.691,22.4745,0.0162,85680,0
"D03","OSBS","000","060","2018-03-01",21.8914,17.9536,27.5298,7.1511,0.0102,69300,1
"D03","OSBS","000","060","2018-03-02",20.1609,15.7207,24.4812,6.5899,0.0091,79170,0
"D03","OSBS","000","060","2018-03-03",15.2894,8.5705,21.214,12.7107,0.013,75600,0
"D03","OSBS","000","060","2018-03-04",13.6789,7.889,18.5713,9.2033,0.0105,83790,0
"D03","OSBS","000","060","2018-03-05",13.5717,7.7976,21.5311,22.9082,0.0163,86370,0
"D03","OSBS","000","060","2018-03-06",16.0792,9.9851,24.1769,18.3136,0.0148,83280,0
"D03","OSBS","000","060","2018-03-07",17.6603,13.4908,20.4552,4.2052,0.0084,60090,1
"D03","OSBS","000","060","2018-03-08",10.5787,4.8439,15.9465,9.4034,0.0113,73020,1
"D03","OSBS","000","060","2018-03-09",11.0762,5.0381,18.6539,17.2996,0.0142,85680,0
"D03","OSBS","000","060","2018-03-10",14.239,8.1774,21.0844,19.5898,0.0152,85020,0
"D03","OSBS","000","060","2018-03-11",19.0247,13.3757,25.3663,14.5864,0.013,86250,0
"D03","OSBS","000","060","2018-03-12",17.8784,11.7592,21.9127,5.7264,0.0097,61140,1
"D03","OSBS","000","060","2018-03-13",10.1507,4.684,17.0975,13.6509,0.0129,81630,0
"D03","OSBS","000","060","2018-03-14",11.4668,7.2483,17.0178,7.8642,0.0103,74653,1
"D03","OSBS","000","060","2018-03-15",12.2426,5.9484,19.6313,16.5493,0.014,84450,0
"D03","OSBS","000","060","2018-03-16",14.135,6.5953,23.9318,34.6612,0.0204,83340,0
"D03","OSBS","000","060","2018-03-17",17.8712,9.8936,27.5439,30.6041,0.019,85170,0
"D03","OSBS","000","060","2018-03-18",19.7718,14.3748,27.8421,20.5397,0.0157,83400,0
"D03","OSBS","000","060","2018-03-19",19.4622,16.2924,24.4252,3.5944,0.0068,78510,0
"D03","OSBS","000","060","2018-03-20",19.9768,16.309,25.3281,8.1167,0.0119,56940,1
"D03","OSBS","000","060","2018-03-21",15.0521,11.2677,20.4098,5.1704,0.01,51900,1
"D03","OSBS","000","060","2018-03-22",12.0555,7.4947,18.1159,10.0723,0.0117,73410,1
"D03","OSBS","000","060","2018-03-23",13.1617,7.1787,20.2221,16.0141,0.0138,84150,0
"D03","OSBS","000","060","2018-03-24",17.1805,10.7636,24.7828,19.0864,0.0151,83910,0
"D03","OSBS","000","060","2018-03-25",18.6094,12.0509,26.5576,19.0821,0.0161,73980,1
"D03","OSBS","000","060","2018-03-26",15.0612,14.0801,22.3123,1.5865,0.0044,82980,0
"D03","OSBS","000","060","2018-03-27",17.0944,13.9942,24.1867,9.5448,0.0119,67830,1
"D03","OSBS","000","060","2018-03-28",19.4535,14.2797,26.4994,15.537,0.0139,80070,0
"D03","OSBS","000","060","2018-03-29",20.3336,15.545,27.2233,14.7384,0.014,75030,0
"D03","OSBS","000","060","2018-03-30",19.9086,17.2353,25.9742,5.3937,0.0081,81510,0
"D03","OSBS","000","060","2018-03-31",17.4715,13.8241,22.8593,6.0342,0.0087,79470,0
"D03","OSBS","000","060","2018-04-01",17.7418,14.4405,25.238,13.6913,0.0126,85680,0
"D03","OSBS","000","060","2018-04-02",20.9824,16.2411,28.9203,18.2045,0.0146,85980,0
"D03","OSBS","000","060","2018-04-03",22.8213,18.5748,29.6585,9.7275,0.011,80340,0
"D03","OSBS","000","060","2018-04-04",21.5504,18.0302,28.4331,5.6857,0.0084,81420,0
"D03","OSBS","000","060","2018-04-05",17.3955,10.3444,23.8236,15.7152,0.0142,77910,0
"D03","OSBS","000","060","2018-04-06",19.1694,13.1086,28.0693,29.6734,0.0188,84060,0
"D03","OSBS","000","060","2018-04-07",20.8481,17.6533,27.7768,6.2799,0.0094,70680,1
"D03","OSBS","000","060","2018-04-08",17.1537,14.5096,19.069,1.6516,0.0045,81810,0
"D03","OSBS","000","060","2018-04-09",17.1834,13.8744,22.5384,8.3504,0.01,82825,0
"D03","OSBS","000","060","2018-04-10",16.5036,14.3603,20.0619,1.1857,0.0039,77490,0
"D03","OSBS","000","060","2018-04-11",15.64,10.9056,22.8237,15.4893,0.0138,81030,0
"D03","OSBS","000","060","2018-04-12",17.833,12.5839,24.7232,15.0437,0.0135,82020,0
"D03","OSBS","000","060","2018-04-13",20.3617,16.1882,27.1786,14.0269,0.0134,77670,0
"D03","OSBS","000","060","2018-04-14",21.9246,16.9456,29.1457,17.8505,0.0149,80220,0
"D03","OSBS","000","060","2018-04-15",22.179,16.8654,27.4439,4.4694,0.0087,58710,1
"D03","OSBS","000","060","2018-04-16",14.365,8.6458,19.904,7.9239,0.0118,57090,1
"D03","OSBS","000","060","2018-04-17",16.0632,10.5686,24.0024,19.3266,0.0153,82620,0
"D03","OSBS","000","060","2018-04-18",20.3135,13.211,29.6588,33.7485,0.0201,83280,0
"D03","OSBS","000","060","2018-04-19",19.9014,14.0376,26.9446,18.2938,0.016,71100,1
"D03","OSBS","000","060","2018-04-20",18.4538,15.8316,23.3511,2.0349,0.005,82140,0
"D03","OSBS","000","060","2018-04-21",18.8634,15.6416,25.6912,8.5397,0.0113,66780,1
"D03","OSBS","000","060","2018-04-22",20.905,19.4144,24.3035,1.7162,0.0056,54389,1
"D03","OSBS","000","060","2018-04-23",22.5539,20.0263,28.1846,5.2899,0.0086,70920,1
"D03","OSBS","000","060","2018-04-24",21.1217,17.2289,25.1113,4.4761,0.0077,75210,0
"D03","OSBS","000","060","2018-04-25",19.6033,15.5483,26.0239,10.7078,0.0114,82770,0
"D03","OSBS","000","060","2018-04-26",20.4293,15.9093,27.0666,12.9697,0.0126,82290,0
"D03","OSBS","000","060","2018-04-27",21.1779,17.7789,26.6261,8.2031,0.0103,76890,0
"D03","OSBS","000","060","2018-04-28",20.4576,15.4042,26.9306,14.122,0.013,83550,0
"D03","OSBS","000","060","2018-04-29",22.2965,17.6208,28.6581,14.1621,0.0129,85050,0
"D03","OSBS","000","060","2018-04-30",20.7279,16.88,26.2303,8.6011,0.0104,78900,0
"D03","OSBS","000","060","2018-05-01",20.2766,15.5899,27.4382,14.3049,0.0137,75990,0
"D03","OSBS","000","060","2018-05-02",20.4752,15.9473,26.7904,11.0616,0.0123,72870,1
"D03","OSBS","000","060","2018-05-03",20.8773,15.8112,27.8191,11.6644,0.0125,74609,0
"D03","OSBS","000","060","2018-05-04",22.4064,17.2651,29.9045,15.9016,0.0138,83370,0
"D03","OSBS","000","060","2018-05-05",21.9263,16.4969,27.5757,10.8019,0.0116,80220,0
"D03","OSBS","000","060","2018-05-06",23.8179,19.8,30.568,14.3575,0.0129,86010,0
"D03","OSBS","000","060","2018-05-07",24.6969,19.2414,30.6879,10.6323,0.0111,86070,0
"D03","OSBS","000","060","2018-05-08",23.1978,18.2824,28.7176,10.0685,0.0109,84630,0
"D03","OSBS","000","060","2018-05-09",22.2752,17.5022,29.0025,14.3661,0.0132,82890,0
"D03","OSBS","000","060","2018-05-10",23.6176,18.5612,31.8456,17.2623,0.0142,86010,0
"D03","OSBS","000","060","2018-05-11",25.7756,20.047,33.3424,18.0995,0.0146,84480,0
"D03","OSBS","000","060","2018-05-12",25.3491,21.0117,30.9825,6.1182,0.0087,80429,0
"D03","OSBS","000","060","2018-05-13",23.0714,18.6911,27.2499,5.55,0.0082,83550,0
"D03","OSBS","000","060","2018-05-14",21.6834,20.312,23.9969,0.6363,0.0028,80398,0
"D03","OSBS","000","060","2018-05-15",21.653,19.3172,26.0581,1.3843,0.0042,78660,0
"D03","OSBS","000","060","2018-05-16",21.6398,19.0414,27.9639,5.4607,0.0085,75420,0
"D03","OSBS","000","060","2018-05-17",22.7348,21.0406,27.4082,2.3746,0.0058,71670,1
"D03","OSBS","000","060","2018-05-18",22.4912,20.5888,27.489,2.9418,0.0061,80370,0
"D03","OSBS","000","060","2018-05-19",23.6352,20.7786,29.2961,5.8684,0.0084,82410,0
"D03","OSBS","000","060","2018-05-20",21.9317,20.2694,24.1748,0.6374,0.0027,85230,0
"D03","OSBS","000","060","2018-05-21",22.2877,21.1369,25.706,0.7495,0.0033,68400,1
"D03","OSBS","000","060","2018-05-22",24.794,21.1644,28.5441,1.9242,0.0111,15540,1
"D03","OSBS","000","060","2018-05-23",24.7208,20.4184,31.0259,12.492,0.0121,85678,0
"D03","OSBS","000","060","2018-05-24",25.2662,22.4173,30.6722,4.7307,0.0076,82920,0
"D03","OSBS","000","060","2018-05-25",24.8603,21.7527,30.1944,5.6862,0.0087,75951,0
"D03","OSBS","000","060","2018-05-26",24.2781,21.1865,29.0192,5.2441,0.0083,76710,0
"D03","OSBS","000","060","2018-05-27",23.037,21.8174,25.754,1.3218,0.0051,50970,1
"D03","OSBS","000","060","2018-05-28",24.9133,21.0242,30.0707,4.295,0.0121,29250,1
"D03","OSBS","000","060","2018-05-29",24.3906,22.1912,30.0384,4.0939,0.0089,51150,1
"D03","OSBS","000","060","2018-05-30",22.9511,22.2885,24.4563,0.2351,0.0017,78210,0
"D03","OSBS","000","060","2018-05-31",24.4738,21.8135,30.304,8.2741,0.01,83550,0
"D03","OSBS","000","060","2018-06-01",25.6534,21.9875,32.2981,11.077,0.0114,85080,0
"D03","OSBS","000","060","2018-06-02",25.768,22.5624,31.7906,8.2504,0.0101,81150,0
"D03","OSBS","000","060","2018-06-03",25.5459,21.8565,31.8621,7.8877,0.0103,74490,0
"D03","OSBS","000","060","2018-06-04",26.6394,23.0721,32.8426,6.129,0.0093,70680,1
"D03","OSBS","000","060","2018-06-05",26.4336,23.0142,30.6083,4.2337,0.0073,80190,0
"D03","OSBS","000","060","2018-06-06",23.259,21.3908,26.8518,1.2385,0.0038,86400,0
"D03","OSBS","000","060","2018-06-07",24.2638,20.7998,31.1277,9.9369,0.0108,85680,0
"D03","OSBS","000","060","2018-06-08",23.9879,20.6525,30.5857,6.2628,0.0086,84510,0
"D03","OSBS","000","060","2018-06-09",24.5848,20.844,31.098,9.6255,0.0108,83100,0
"D03","OSBS","000","060","2018-06-10",24.2502,20.9579,28.7246,5.675,0.0082,85290,0
"D03","OSBS","000","060","2018-06-11",24.7345,22.1562,30.0543,3.6581,0.0067,81990,0
"D03","OSBS","000","060","2018-06-12",24.0779,21.1883,29.7852,3.2429,0.0062,83550,0
"D03","OSBS","000","060","2018-06-13",25.6968,22.2038,31.8466,8.6908,0.0101,85830,0
"D03","OSBS","000","060","2018-06-14",26.2315,22.0469,30.9642,6.9876,0.0091,85170,0
"D03","OSBS","000","060","2018-06-15",26.7555,23.0739,32.586,6.3718,0.0086,85440,0
"D03","OSBS","000","060","2018-06-16",25.5627,22.6995,31.9558,6.2808,0.0086,85170,0
"D03","OSBS","000","060","2018-06-17",25.722,22.4615,31.8676,9.8029,0.0108,84060,0
"D03","OSBS","000","060","2018-06-18",27.0059,22.7255,32.6165,6.6407,0.0089,82920,0
"D03","OSBS","000","060","2018-06-19",25.8883,22.8909,32.8878,8.6187,0.0102,82890,0
"D03","OSBS","000","060","2018-06-20",25.9326,21.7067,32.0529,7.6089,0.0099,76980,0
"D03","OSBS","000","060","2018-06-21",26.0594,23.284,32.4211,4.8164,0.0078,79050,0
"D03","OSBS","000","060","2018-06-22",28.0827,24.7752,32.9588,7.1732,0.0095,79530,0
"D03","OSBS","000","060","2018-06-23",28.1763,24.2956,33.264,7.9159,0.0098,81900,0
"D03","OSBS","000","060","2018-06-24",27.8655,24.2696,33.925,8.0616,0.01,81030,0
"D03","OSBS","000","060","2018-06-25",26.8823,22.9983,33.5421,10.7739,0.0115,82080,0
"D03","OSBS","000","060","2018-06-26",27.0568,24.1532,32.4068,5.0342,0.0077,85590,0
"D03","OSBS","000","060","2018-06-27",25.8671,22.6213,31.9035,7.1725,0.0092,83880,0
"D03","OSBS","000","060","2018-06-28",26.6843,24.0326,33.0544,4.7805,0.0077,79890,0
"D03","OSBS","000","060","2018-06-29",24.9397,22.1139,31.67,7.0158,0.0091,84300,0
"D03","OSBS","000","060","2018-06-30",24.8898,23.2121,31.6049,3.389,0.0064,83280,0
"D03","OSBS","000","060","2018-07-01",25.3287,21.9427,30.8305,9.1529,0.0106,81270,0
"D03","OSBS","000","060","2018-07-02",26.9859,22.8502,33.6587,10.8994,0.0129,65580,1
"D03","OSBS","000","060","2018-07-03",26.4137,23.8794,32.034,3.8294,0.0067,85020,0
"D03","OSBS","000","060","2018-07-04",25.3458,21.4793,28.852,2.1317,0.0056,67500,1
"D03","OSBS","000","060","2018-07-05",24.6813,22.6478,29.7196,3.5089,0.0072,67470,1
"D03","OSBS","000","060","2018-07-06",25.5341,23.1258,31.3958,5.4956,0.008,85560,0
"D03","OSBS","000","060","2018-07-07",24.3846,21.6072,29.7533,4.9569,0.0076,85740,0
"D03","OSBS","000","060","2018-07-08",26.2489,22.8996,30.8977,5.5781,0.008,86400,0
"D03","OSBS","000","060","2018-07-09",26.0486,23.332,32.1539,5.7843,0.0083,84870,0
"D03","OSBS","000","060","2018-07-10",26.7096,23.7891,32.4289,7.8102,0.01,78354,0
"D03","OSBS","000","060","2018-07-11",27.8758,23.4885,33.1978,9.2441,0.0104,86220,0
"D03","OSBS","000","060","2018-07-12",27.8777,23.6897,33.3333,8.606,0.01,85560,0
"D03","OSBS","000","060","2018-07-13",27.85,23.9739,33.189,8.5074,0.0106,75690,0
"D03","OSBS","000","060","2018-07-14",27.5143,24.5,32.1354,5.9171,0.0108,51030,1
"D03","OSBS","000","060","2018-07-15",26.1755,23.8165,31.4454,3.7817,0.0067,85230,0
"D03","OSBS","000","060","2018-07-16",27.0204,23.7565,31.5825,4.2723,0.0071,84600,0
"D03","OSBS","000","060","2018-07-17",25.4018,23.7369,30.3151,1.6402,0.0044,84270,0
"D03","OSBS","000","060","2018-07-18",25.8505,22.0744,30.6262,2.9561,0.006,82080,0
"D03","OSBS","000","060","2018-07-19",25.681,23.5832,27.827,1.0262,0.0036,77940,0
"D03","OSBS","000","060","2018-07-20",25.4278,24.5938,28.0111,0.3704,0.0022,76800,0
"D03","OSBS","000","060","2018-07-21",25.3541,21.3238,31.7073,4.7977,0.0077,79890,0
"D03","OSBS","000","060","2018-07-22",25.3069,21.2494,30.4948,3.3341,0.0077,56610,1
"D03","OSBS","000","060","2018-07-23",26.8178,20.5635,31.2257,8.6068,0.0158,34320,1
"D03","OSBS","000","060","2018-07-24",25.7586,22.1672,30.0013,3.9819,0.0116,29460,1
"D03","OSBS","000","060","2018-07-25",26.3814,23.5007,31.504,5.1227,0.0078,84660,0
"D03","OSBS","000","060","2018-07-26",26.3798,24.3825,28.9869,1.8907,0.0047,85710,0
"D03","OSBS","000","060","2018-07-27",27.3622,23.0755,33.5105,11.2099,0.0115,85230,0
"D03","OSBS","000","060","2018-07-28",26.9816,23.3965,33.347,8.7267,0.0101,84810,0
"D03","OSBS","000","060","2018-07-29",26.1904,22.8179,32.5542,7.8584,0.0096,85290,0
"D03","OSBS","000","060","2018-07-30",24.8493,23.1785,31.1849,3.7042,0.0072,71970,0
"D03","OSBS","000","060","2018-07-31",26.0566,23.2874,30.5613,2.241,0.0075,39540,1
"D03","OSBS","000","060","2018-08-01",26.3518,23.403,31.9605,5.7995,0.0086,79080,0
"D03","OSBS","000","060","2018-08-02",25.853,22.7108,33.2741,7.7951,0.0101,77010,0
"D03","OSBS","000","060","2018-08-03",26.0975,22.519,32.5989,13.2254,0.0126,83250,0
"D03","OSBS","000","060","2018-08-04",27.6049,23.6399,33.0915,8.0105,0.0098,83910,0
"D03","OSBS","000","060","2018-08-05",27.3326,23.1258,32.8336,8.5652,0.0103,81270,0
"D03","OSBS","000","060","2018-08-06",27.532,23.5837,32.9445,7.6908,0.0096,83820,0
"D03","OSBS","000","060","2018-08-07",27.4999,23.0404,33.6474,10.9309,0.0113,86097,0
"D03","OSBS","000","060","2018-08-08",28.3147,24.1457,34.0397,8.9412,0.0104,82380,0
"D03","OSBS","000","060","2018-08-09",26.8941,23.239,33.1781,3.6195,0.0066,82260,0
"D03","OSBS","000","060","2018-08-10",26.7128,23.9491,33.28,7.1221,0.0094,80310,0
"D03","OSBS","000","060","2018-08-11",26.9628,23.8971,32.6937,6.9613,0.009,85260,0
"D03","OSBS","000","060","2018-08-12",26.061,23.3776,32.6519,5.5805,0.0081,85140,0
"D03","OSBS","000","060","2018-08-13",25.9598,23.4024,31.0501,5.9422,0.0084,84300,0
"D03","OSBS","000","060","2018-08-14",26.0085,22.1026,31.6623,3.4019,0.0064,82770,0
"D03","OSBS","000","060","2018-08-15",26.1495,22.9516,32.6351,7.1198,0.0092,84745,0
"D03","OSBS","000","060","2018-08-16",25.8668,22.7013,33.7828,9.4876,0.0107,82890,0
"D03","OSBS","000","060","2018-08-17",25.262,22.7925,32.2128,5.0827,0.0077,85980,0
"D03","OSBS","000","060","2018-08-18",26.9445,23.5684,33.7063,9.9272,0.0108,84990,0
"D03","OSBS","000","060","2018-08-19",27.5699,24.2999,33.0855,7.8601,0.0096,85050,0
"D03","OSBS","000","060","2018-08-20",25.3534,22.6423,32.9587,9.177,0.0107,80790,0
"D03","OSBS","000","060","2018-08-21",25.7042,23.6216,32.1965,4.3769,0.0072,85170,0
"D03","OSBS","000","060","2018-08-22",26.3128,23.7411,30.89,5.3571,0.0081,81540,0
"D03","OSBS","000","060","2018-08-23",27.3766,23.3162,33.2091,7.8549,0.0096,84686,0
"D03","OSBS","000","060","2018-08-24",26.118,23.3685,32.051,3.6452,0.0066,83364,0
"D03","OSBS","000","060","2018-08-25",26.463,23.7301,32.3825,5.5834,0.0081,85680,0
"D03","OSBS","000","060","2018-08-26",25.8757,23.8318,30.9359,2.9271,0.0058,86070,0
"D03","OSBS","000","060","2018-08-27",26.8565,23.6195,32.3045,6.9404,0.0092,82739,0
"D03","OSBS","000","060","2018-08-28",26.2156,23.0606,31.2157,5.4971,0.0082,82320,0
"D03","OSBS","000","060","2018-08-29",23.6293,21.9335,28.9493,4.1395,0.007,84030,0
"D03","OSBS","000","060","2018-08-30",23.5841,21.897,29.6181,2.9377,0.0059,84840,0
"D03","OSBS","000","060","2018-08-31",25.7734,22.5805,31.8392,9.4027,0.011,77010,0
"D03","OSBS","000","060","2018-09-01",26.7977,23.8633,32.0975,5.4566,0.0086,74520,0
"D03","OSBS","000","060","2018-09-02",25.8581,23.4749,31.097,3.0185,0.0061,80730,0
"D03","OSBS","000","060","2018-09-03",25.2011,22.9602,28.9674,2.0974,0.0051,79290,0
"D03","OSBS","000","060","2018-09-04",25.3261,22.7102,31.1884,5.6879,0.0087,74760,0
"D03","OSBS","000","060","2018-09-05",26.6488,24.0133,31.9119,5.2686,0.0082,79020,0
"D03","OSBS","000","060","2018-09-06",26.571,23.9418,31.4105,4.1897,0.0072,79890,0
"D03","OSBS","000","060","2018-09-07",26.2246,23.3818,31.7993,4.5383,0.0073,85560,0
"D03","OSBS","000","060","2018-09-08",25.5746,23.0271,30.7565,3.862,0.0067,86160,0
"D03","OSBS","000","060","2018-09-09",25.8957,23.1239,31.674,6.5311,0.0087,86219,0
"D03","OSBS","000","060","2018-09-10",26.0058,23.2897,32.4115,7.2388,0.0092,85200,0
"D03","OSBS","000","060","2018-09-11",26.4668,22.7753,31.8589,9.1606,0.0103,86340,0
"D03","OSBS","000","060","2018-09-12",27.5533,24.0999,32.1232,5.7409,0.0082,85160,0
"D03","OSBS","000","060","2018-09-13",27.0641,24.156,32.4617,5.3441,0.0079,84840,0
"D03","OSBS","000","060","2018-09-14",27.5275,23.2882,33.6537,12.1425,0.0119,85620,0
"D03","OSBS","000","060","2018-09-15",28.7179,25.2552,34.1901,7.659,0.0097,81870,0
"D03","OSBS","000","060","2018-09-16",28.6692,26.0037,33.2305,4.3829,0.0072,83430,0
"D03","OSBS","000","060","2018-09-17",28.1388,25.0894,33.2591,5.4774,0.008,85807,0
"D03","OSBS","000","060","2018-09-18",27.7956,24.5148,33.6992,7.4865,0.0093,86038,0
"D03","OSBS","000","060","2018-09-19",27.4049,24.2884,33.7172,7.4684,0.0093,85920,0
"D03","OSBS","000","060","2018-09-20",27.0071,23.5889,33.057,7.8374,0.0097,83430,0
"D03","OSBS","000","060","2018-09-21",26.9117,23.451,31.9162,5.5784,0.0083,81900,0
"D03","OSBS","000","060","2018-09-22",25.8335,22.6367,30.6063,4.4364,0.0073,84330,0
"D03","OSBS","000","060","2018-09-23",26.4218,22.5644,31.9359,8.1042,0.0098,83610,0
"D03","OSBS","000","060","2018-09-24",25.6371,23.0296,30.4454,3.8242,0.0067,84030,0
"D03","OSBS","000","060","2018-09-25",26.7054,23.4525,31.5476,6.4147,0.0087,85530,0
"D03","OSBS","000","060","2018-09-26",26.9284,23.2594,33.1308,8.7213,0.0101,84810,0
"D03","OSBS","000","060","2018-09-27",26.4812,22.7228,32.6593,12.0657,0.0119,85380,0
"D03","OSBS","000","060","2018-09-28",27.5927,24.2023,33.5334,7.7306,0.0096,84570,0
"D03","OSBS","000","060","2018-09-29",26.4815,22.0389,32.6358,9.8611,0.0108,84180,0
"D03","OSBS","000","060","2018-09-30",26.5671,23.0728,32.5267,6.1338,0.0087,81270,0
"D03","OSBS","000","060","2018-10-01",24.6465,21.9564,29.5925,2.8043,0.0059,81510,0
"D03","OSBS","000","060","2018-10-02",24.5327,22.7098,28.4423,2.2844,0.0052,85530,0
"D03","OSBS","000","060","2018-10-03",25.0787,21.7305,30.4776,7.2801,0.0095,80070,0
"D03","OSBS","000","060","2018-10-04",25.4184,21.8271,30.7231,7.4349,0.0094,83790,0
"D03","OSBS","000","060","2018-10-05",25.4698,21.0974,30.6606,7.5476,0.0094,85620,0
"D03","OSBS","000","060","2018-10-06",25.1025,20.8597,30.5936,7.8489,0.0096,84390,0
"D03","OSBS","000","060","2018-10-07",25.1155,21.676,30.9641,7.4042,0.0097,79140,0
"D03","OSBS","000","060","2018-10-08",24.5527,22.4926,28.7302,2.4459,0.0056,78630,0
"D03","OSBS","000","060","2018-10-09",24.9768,22.973,28.3899,2.1407,0.0054,72090,1
"D03","OSBS","000","060","2018-10-10",26.3095,25.054,30.0483,1.4088,0.0051,53340,1
"D03","OSBS","000","060","2018-10-11",27.7011,25.6717,31.0911,3.3297,0.0073,61950,1
"D03","OSBS","000","060","2018-10-12",24.022,19.7748,28.2056,5.8915,0.0083,85830,0
"D03","OSBS","000","060","2018-10-13",22.1801,16.4594,27.8945,12.1625,0.0119,86399,0
"D03","OSBS","000","060","2018-10-14",24.0361,18.9372,30.3827,12.9447,0.0123,85560,0
"D03","OSBS","000","060","2018-10-15",25.7958,21.6803,32.4093,11.7043,0.0117,86130,0
"D03","OSBS","000","060","2018-10-16",27.1122,23.4611,32.7904,8.7962,0.0101,86280,0
"D03","OSBS","000","060","2018-10-17",27.3319,23.3414,32.6464,8.8737,0.0101,86310,0
"D03","OSBS","000","060","2018-10-18",25.7607,22.8124,30.5068,4.1049,0.0069,85710,0
"D03","OSBS","000","060","2018-10-19",24.1617,22.0414,26.8613,2.1352,0.005,85230,0
"D03","OSBS","000","060","2018-10-20",25.5692,21.8864,31.08,8.079,0.0097,86220,0
"D03","OSBS","000","060","2018-10-21",21.1085,16.7494,26.5817,5.5085,0.0085,75780,0
"D03","OSBS","000","060","2018-10-22",17.8019,12.0319,25.6845,20.8933,0.016,81450,0
"D03","OSBS","000","060","2018-10-23",20.3091,17.8514,23.4614,3.1504,0.006,86400,0
"D03","OSBS","000","060","2018-10-24",20.5925,18.231,25.0168,2.9398,0.0061,80113,0
"D03","OSBS","000","060","2018-10-25",19.5628,17.1528,24.4573,4.1658,0.007,84537,0
"D03","OSBS","000","060","2018-10-26",22.0403,19.4498,26.7407,4.0347,0.0073,75720,0
"D03","OSBS","000","060","2018-10-27",17.4519,14.0268,22.3515,3.9541,0.0072,76860,0
"D03","OSBS","000","060","2018-10-28",16.3643,11.5186,22.531,12.5917,0.0121,85320,0
"D03","OSBS","000","060","2018-10-29",19.6007,14.1244,27.2531,21.103,0.0158,84270,0
"D03","OSBS","000","060","2018-10-30",20.5916,14.7133,26.3495,11.3747,0.0115,86310,0
"D03","OSBS","000","060","2018-10-31",20.8673,16.7209,26.8641,10.9075,0.0113,84870,0
"D03","OSBS","000","060","2018-11-01",21.5567,17.3678,27.0905,11.1522,0.012,77490,0
"D03","OSBS","000","060","2018-11-02",21.9213,19.0344,26.2834,3.6005,0.0068,78239,0
"D03","OSBS","000","060","2018-11-03",15.0276,9.6633,19.4695,7.9422,0.0099,80700,0
"D03","OSBS","000","060","2018-11-04",17.7198,12.3397,25.7619,21.7105,0.0159,85470,0
"D03","OSBS","000","060","2018-11-05",22.9179,20.6218,26.5295,4.3365,0.0071,86370,0
"D03","OSBS","000","060","2018-11-06",24.2608,21.3384,29.4053,5.7104,0.0081,86098,0
"D03","OSBS","000","060","2018-11-07",23.6711,20.5234,30.2987,7.2569,0.0102,69426,0
"D03","OSBS","000","060","2018-11-08",23.6365,20.063,29.4472,6.3597,0.0087,84390,0
"D03","OSBS","000","060","2018-11-09",23.1981,20.5185,28.3814,7.6534,0.0094,85740,0
"D03","OSBS","000","060","2018-11-10",20.6887,17.4757,25.0811,3.1045,0.0061,84330,0
"D03","OSBS","000","060","2018-11-11",16.6969,11.8199,24.0484,16.3799,0.0138,85800,0
"D03","OSBS","000","060","2018-11-12",21.1088,17.1942,28.9579,12.8241,0.0125,81840,0
"D03","OSBS","000","060","2018-11-13",24.3576,21.9956,29.0206,4.9257,0.0076,84660,0
"D03","OSBS","000","060","2018-11-14",20.1098,17.5391,24.647,2.9557,0.006,82890,0
"D03","OSBS","000","060","2018-11-15",15.8707,11.6754,21.9062,11.0727,0.0126,69600,1
"D03","OSBS","000","060","2018-11-16",8.8145,2.4733,14.9127,15.7549,0.0146,74220,1
"D03","OSBS","000","060","2018-11-17",13.0883,7.5214,20.7758,20.2672,0.0153,86400,0
"D03","OSBS","000","060","2018-11-18",17.451,13.2842,24.2951,15.9785,0.0136,86400,0
"D03","OSBS","000","060","2018-11-19",18.7668,14.6761,24.7902,9.4168,0.0106,83070,0
"D03","OSBS","000","060","2018-11-20",17.8136,15.8578,20.4146,1.6688,0.0044,85495,0
"D03","OSBS","000","060","2018-11-21",15.4964,11.1976,19.5678,7.1564,0.0095,79290,0
"D03","OSBS","000","060","2018-11-22",13.6247,9.336,18.6956,9.2656,0.0104,85380,0
"D03","OSBS","000","060","2018-11-23",17.1095,13.9553,22.7339,6.7934,0.0091,82890,0
"D03","OSBS","000","060","2018-11-24",20.0343,17.4023,24.3751,6.1807,0.0087,81960,0
"D03","OSBS","000","060","2018-11-25",19.1132,16.27,22.1863,3.1355,0.006,86400,0
"D03","OSBS","000","060","2018-11-26",17.8799,14.4647,24.6767,7.7653,0.0102,74520,0
"D03","OSBS","000","060","2018-11-27",9.7829,5.5451,14.5616,6.4271,0.0101,63330,1
"D03","OSBS","000","060","2018-11-28",6.3627,1.1218,10.8421,7.4748,0.0107,65310,1
"D03","OSBS","000","060","2018-11-29",9.1096,4.4061,15.2165,13.4206,0.0125,86190,0
"D03","OSBS","000","060","2018-11-30",14.392,8.6013,22.0423,21.4603,0.0158,86130,0
"D03","OSBS","000","060","2018-12-01",18.5411,17.4879,20.2169,0.6605,0.0028,84510,0
"D03","OSBS","000","060","2018-12-02",22.2996,20.0975,27.1829,3.9478,0.0073,74280,1
"D03","OSBS","000","060","2018-12-03",22.8151,20.3225,24.4004,0.4133,0.0023,75309,0
"D03","OSBS","000","060","2018-12-04",17.2722,13.0212,20.3285,4.081,0.0069,85920,0
"D03","OSBS","000","060","2018-12-05",10.1036,5.4701,16.1588,7.7066,0.0101,74940,0
"D03","OSBS","000","060","2018-12-06",8.7071,2.4402,16.1229,20.0786,0.0153,86160,0
"D03","OSBS","000","060","2018-12-07",11.5316,6.2483,18.9356,15.8957,0.0136,86340,0
"D03","OSBS","000","060","2018-12-08",14.4891,10.0088,21.8958,18.3997,0.0147,84930,0
"D03","OSBS","000","060","2018-12-09",17.9675,16.1935,21.3931,1.9403,0.0052,71490,1
"D03","OSBS","000","060","2018-12-10",9.3549,6.2655,16.1904,8.9338,0.0115,67080,1
"D03","OSBS","000","060","2018-12-11",8.2767,6.0494,12.7473,4.853,0.0078,80514,0
"D03","OSBS","000","060","2018-12-12",9.1457,3.625,16.48,16.0997,0.0137,86280,0
"D03","OSBS","000","060","2018-12-13",11.5003,10.0203,14.214,0.7933,0.0039,50957,1
"D03","OSBS","000","060","2018-12-14",18.026,17.1555,19.3898,0.2411,0.0027,33511,1
"D03","OSBS","000","060","2018-12-15",17.3762,15.6003,19.5238,1.5126,0.0045,75840,0
"D03","OSBS","000","060","2018-12-16",15.3703,11.6743,18.704,2.8842,0.0059,84270,0
"D03","OSBS","000","060","2018-12-17",11.4661,7.7867,16.4246,7.9338,0.0096,86279,0
"D03","OSBS","000","060","2018-12-18",13.1036,8.6408,19.1642,12.0936,0.0118,86400,0
"D03","OSBS","000","060","2018-12-19",13.9305,9.6038,18.3511,8.6649,0.01,86390,0
"D03","OSBS","000","060","2018-12-20",16.3866,14.2335,17.9232,0.7095,0.0034,62580,1
"D03","OSBS","000","060","2018-12-21",14.201,10.2122,17.3248,3.9369,0.0108,33690,1
"D03","OSBS","000","060","2018-12-22",9.6146,6.9815,14.0024,4.8874,0.0081,74910,1
"D03","OSBS","000","060","2018-12-23",10.6047,6.0287,16.7183,12.1756,0.0119,86400,0
"D03","OSBS","000","060","2018-12-24",13.7011,9.0113,20.3502,13.9446,0.0127,86400,0
"D03","OSBS","000","060","2018-12-25",14.044,9.5353,20.1512,11.6938,0.0116,86400,0
"D03","OSBS","000","060","2018-12-26",13.5294,9.4544,20.6144,12.2587,0.0119,86069,0
"D03","OSBS","000","060","2018-12-27",17.4538,12.8421,23.509,13.5798,0.0131,79650,0
"D03","OSBS","000","060","2018-12-28",22.3923,20.2735,25.9188,3.0059,0.0064,72269,1
"D03","OSBS","000","060","2018-12-29",20.7039,18.1509,24.2376,3.6,0.0065,85110,0
"D03","OSBS","000","060","2018-12-30",19.311,16.4684,22.6688,3.9535,0.0069,82320,0
"D03","OSBS","000","060","2018-12-31",21.7616,19.7373,26.0937,4.0327,0.0073,75120,0
"D03","OSBS","000","060","2019-01-01",21.8218,17.6984,26.4404,6.9936,0.009,86370,0
"D03","OSBS","000","060","2019-01-02",21.3332,17.0241,25.4139,6.7718,0.0089,86398,0
"D03","OSBS","000","060","2019-01-03",21.0683,17.7573,25.622,6.3862,0.0089,81390,0
"D03","OSBS","000","060","2019-01-04",19.8452,14.5476,25.5451,4.7717,0.0084,67590,1
"D03","OSBS","000","060","2019-01-05",13.3281,10.5016,15.5123,1.8961,0.005,74400,1
"D03","OSBS","000","060","2019-01-06",12.7337,8.7543,19.7558,14.7569,0.0131,86400,0
"D03","OSBS","000","060","2019-01-07",16.1094,11.4588,22.939,18.147,0.0145,86190,0
"D03","OSBS","000","060","2019-01-08",18.0976,14.0534,22.668,6.2749,0.0086,85320,0
"D03","OSBS","000","060","2019-01-09",15.1299,12.8927,18.9048,1.5185,0.0044,78090,0
"D03","OSBS","000","060","2019-01-10",8.9012,4.2233,13.1876,6.9298,0.0093,79710,0
"D03","OSBS","000","060","2019-01-11",9.6851,4.8739,18.2288,19.2943,0.0152,83730,0
"D03","OSBS","000","060","2019-01-12",14.4721,9.3304,21.9831,21.6044,0.0165,79800,0
"D03","OSBS","000","060","2019-01-13",18.3947,14.8976,23.8494,5.9888,0.0087,78510,0
"D03","OSBS","000","060","2019-01-14",12.7743,10.3099,19.9439,5.3901,0.0079,85350,0
"D03","OSBS","000","060","2019-01-15",8.8824,7.7129,10.6706,0.6741,0.0028,85142,0
"D03","OSBS","000","060","2019-01-16",8.0941,4.1488,14.5462,10.6709,0.0112,84851,0
"D03","OSBS","000","060","2019-01-17",12.0506,6.6017,19.1393,17.7514,0.0143,86400,0
"D03","OSBS","000","060","2019-01-18",15.6276,9.799,21.9965,16.279,0.0137,86399,0
"D03","OSBS","000","060","2019-01-19",17.2766,12.5422,24.1965,14.4219,0.0138,75240,0
"D03","OSBS","000","060","2019-01-20",13.5546,6.2785,21.9013,18.4848,0.0189,51720,1
"D03","OSBS","000","060","2019-01-21",5.4624,1.2388,12.1001,10.0576,0.0109,84480,0
"D03","OSBS","000","060","2019-01-22",10.2892,4.8414,21.2649,31.6843,0.0209,72630,1
"D03","OSBS","000","060","2019-01-23",16.853,13.4181,24.3062,9.803,0.0119,69210,1
"D03","OSBS","000","060","2019-01-24",18.4005,13.4137,21.3708,3.9334,0.01,39600,1
"D03","OSBS","000","060","2019-01-25",8.7177,3.0257,14.1835,13.0475,0.0125,83220,0
"D03","OSBS","000","060","2019-01-26",9.5628,5.9854,14.5268,5.8276,0.0082,86250,0
"D03","OSBS","000","060","2019-01-27",8.0244,6.1409,10.709,0.7439,0.0033,68460,1
"D03","OSBS","000","060","2019-01-28",8.9321,5.2108,13.9478,10.6669,0.013,63300,1
"D03","OSBS","000","060","2019-01-29",11.0212,5.2269,16.9085,10.7881,0.0112,85648,0
"D03","OSBS","000","060","2019-01-30",7.4283,1.8564,12.6231,7.7052,0.01,77255,0
"D03","OSBS","000","060","2019-01-31",6.715,2.18,14.7756,16.7824,0.0141,84930,0
"D03","OSBS","000","060","2019-02-01",12.4508,8.4289,19.6345,12.1759,0.0119,85980,0
"D03","OSBS","000","060","2019-02-02",15.9354,13.7165,21.4363,6.2941,0.0085,86310,0
"D03","OSBS","000","060","2019-02-03",15.105,13.9729,17.784,0.9189,0.0033,84450,0
"D03","OSBS","000","060","2019-02-04",15.5324,13.6668,19.2903,2.369,0.0052,86400,0
"D03","OSBS","000","060","2019-02-05",16.4629,11.8384,23.8135,17.6593,0.0143,86400,0
"D03","OSBS","000","060","2019-02-06",19.615,15.6937,25.4487,11.0072,0.0113,86340,0
"D03","OSBS","000","060","2019-02-07",19.9208,15.1845,26.0207,13.1002,0.0123,86370,0
"D03","OSBS","000","060","2019-02-08",20.8549,15.4114,26.817,14.7436,0.0131,86340,0
"D03","OSBS","000","060","2019-02-09",16.4669,11.9272,24.1361,9.1247,0.0104,84540,0
"D03","OSBS","000","060","2019-02-10",16.3463,13.6207,21.3521,6.6549,0.0093,76590,0
"D03","OSBS","000","060","2019-02-11",19.5603,15.3816,26.3496,14.0199,0.0129,84450,0
"D03","OSBS","000","060","2019-02-12",21.5151,18.9447,27.4608,5.8395,0.0091,70800,1
"D03","OSBS","000","060","2019-02-13",14.4073,10.4237,22.4017,10.2912,0.0115,78390,0
"D03","OSBS","000","060","2019-02-14",12.5715,5.6987,21.2714,24.9395,0.017,86370,0
"D03","OSBS","000","060","2019-02-15",16.3741,10.7225,22.2647,11.2722,0.0115,84540,0
"D03","OSBS","000","060","2019-02-16",17.7069,12.7905,24.4156,13.3839,0.0133,75510,0
"D03","OSBS","000","060","2019-02-17",21.237,18.1944,27.6863,10.1303,0.0111,82380,0
"D03","OSBS","000","060","2019-02-18",22.9434,19.5041,29.3003,9.2684,0.0107,80580,0
"D03","OSBS","000","060","2019-02-19",18.7211,16.0541,24.6288,3.8401,0.0068,82260,0
"D03","OSBS","000","060","2019-02-20",19.1656,15.3067,28.1192,18.9232,0.015,84030,0
"D03","OSBS","000","060","2019-02-21",23.5306,19.6945,29.06,6.0785,0.0086,82770,0
"D03","OSBS","000","060","2019-02-22",22.9833,18.2379,28.1626,9.6425,0.0106,86370,0
"D03","OSBS","000","060","2019-02-23",24.0639,20.2126,30.2953,10.2639,0.0114,79650,0
"D03","OSBS","000","060","2019-02-24",23.0175,20.3079,27.3347,2.0239,0.0054,68610,1
"D03","OSBS","000","060","2019-02-25",15.6227,9.3533,20.4099,10.9984,0.0121,74970,1
"D03","OSBS","000","060","2019-02-26",15.3054,12.0435,19.1284,5.8821,0.0083,86250,0
"D03","OSBS","000","060","2019-02-27",18.9169,15.9477,24.243,6.6328,0.0088,86010,0
"D03","OSBS","000","060","2019-02-28",19.3319,16.4559,24.4749,7.5375,0.0094,85770,0
"D03","OSBS","000","060","2019-03-01",19.2842,16.5331,26.0775,7.471,0.0094,83700,0
"D03","OSBS","000","060","2019-03-02",18.8542,16.5687,24.1282,3.9488,0.0068,85680,0
"D03","OSBS","000","060","2019-03-03",20.5324,17.9034,27.5032,8.0431,0.0101,78540,0
"D03","OSBS","000","060","2019-03-04",19.0736,16.6687,23.939,1.9766,0.005,80550,0
"D03","OSBS","000","060","2019-03-05",9.9511,6.861,16.7664,4.9332,0.0079,79590,0
"D03","OSBS","000","060","2019-03-06",7.9726,2.3779,13.295,9.496,0.0113,74100,1
"D03","OSBS","000","060","2019-03-07",11.0061,5.4091,19.7698,23.0195,0.0164,86040,0
"D03","OSBS","000","060","2019-03-08",15.8057,10.3738,23.9316,25.8482,0.0175,84118,0
"D03","OSBS","000","060","2019-03-09",20.0623,14.4124,26.4827,15.2498,0.0136,82860,0
"D03","OSBS","000","060","2019-03-10",22.6323,18.2884,28.3505,10.2386,0.0111,83460,0
"D03","OSBS","000","060","2019-03-11",23.0487,18.4005,28.2464,7.5719,0.0094,85650,0
"D03","OSBS","000","060","2019-03-12",20.2209,15.797,25.3323,4.2819,0.0072,83520,0
"D03","OSBS","000","060","2019-03-13",17.5347,13.9978,24.7176,11.876,0.0131,68940,1
"D03","OSBS","000","060","2019-03-14",20.3952,16.4011,27.2372,14.45,0.0137,76980,0
"D03","OSBS","000","060","2019-03-15",21.5685,16.6793,28.8033,16.8339,0.0142,82950,0
"D03","OSBS","000","060","2019-03-16",19.4393,15.6525,25.1649,4.0302,0.0069,85740,0
"D03","OSBS","000","060","2019-03-17",13.7992,12.4695,15.8925,0.818,0.0031,85110,0
"D03","OSBS","000","060","2019-03-18",14.5269,10.6989,20.1647,8.1622,0.0098,84930,0
"D03","OSBS","000","060","2019-03-19",14.6073,11.5702,18.8799,3.5841,0.0065,83790,0
"D03","OSBS","000","060","2019-03-20",15.3863,12.4706,21.3221,7.4395,0.0094,83579,0
"D03","OSBS","000","060","2019-03-21",15.0343,10.7562,21.592,10.0603,0.0119,71550,1
"D03","OSBS","000","060","2019-03-22",14.2117,8.9586,23.2129,12.3814,0.0137,65768,1
"D03","OSBS","000","060","2019-03-23",NA,NA,NA,NA,NA,0,1
"D03","OSBS","000","060","2019-03-24",NA,NA,NA,NA,NA,0,1
"D03","OSBS","000","060","2019-03-25",22.5429,16.3421,26.5472,6.8315,0.0147,31819,1
"D03","OSBS","000","060","2019-03-26",19.0512,15.2543,25.4206,8.6271,0.0102,82350,0
"D03","OSBS","000","060","2019-03-27",15.3467,13.7345,18.2555,0.9396,0.0036,72334,1
"D03","OSBS","000","060","2019-03-28",16.1776,12.2215,22.4918,12.0617,0.0121,81960,0
"D03","OSBS","000","060","2019-03-29",17.442,12.4447,24.0932,15.5849,0.0138,82230,0
"D03","OSBS","000","060","2019-03-30",19.3973,14.7299,26.6679,17.0148,0.0142,84600,0
"D03","OSBS","000","060","2019-03-31",20.6449,15.9329,26.9605,10.1916,0.0115,76980,0
"D03","OSBS","000","060","2019-04-01",14.1197,10.686,22.5981,7.6434,0.0095,85170,0
"D03","OSBS","000","060","2019-04-02",14.3382,11.9611,19.3346,4.6138,0.0075,81990,0
"D03","OSBS","000","060","2019-04-03",15.2132,10.4938,21.6178,11.5102,0.0122,76830,0
"D03","OSBS","000","060","2019-04-04",17.447,12.3385,25.5494,21.0752,0.0167,75960,0
"D03","OSBS","000","060","2019-04-05",20.0862,17.4076,24.6306,5.9484,0.0089,75180,0
"D03","OSBS","000","060","2019-04-06",22.4704,18.2217,29.7434,11.0075,0.0114,84750,0
"D03","OSBS","000","060","2019-04-07",23.0602,18.3546,29.8016,14.4739,0.0133,82140,0
"D03","OSBS","000","060","2019-04-08",22.8015,19.7474,28.7329,7.3101,0.0097,78150,0
"D03","OSBS","000","060","2019-04-09",22.3433,19.8042,27.5383,4.1116,0.0075,73650,1
"D03","OSBS","000","060","2019-04-10",21.1307,16.9187,26.3706,7.1338,0.0091,86070,0
"D03","OSBS","000","060","2019-04-11",21.4138,17.2482,28.5834,13.0088,0.0126,81720,0
"D03","OSBS","000","060","2019-04-12",24.076,19.8297,30.7781,14.4979,0.0134,81120,0
"D03","OSBS","000","060","2019-04-13",25.1976,21.4017,30.5808,7.8296,0.0097,82440,0
"D03","OSBS","000","060","2019-04-14",24.5798,21.2791,30.4584,4.6999,0.0086,63270,1
"D03","OSBS","000","060","2019-04-15",19.2606,14.4341,24.0842,7.6084,0.0106,67830,1
"D03","OSBS","000","060","2019-04-16",18.9826,13.0555,26.2708,16.2291,0.0139,83820,0
"D03","OSBS","000","060","2019-04-17",20.5269,15.4315,27.4218,15.4242,0.0137,81630,0
"D03","OSBS","000","060","2019-04-18",22.5123,17.2391,29.8916,17.0315,0.0151,74730,0
"D03","OSBS","000","060","2019-04-19",22.696,18.119,28.0828,6.7792,0.0121,45960,1
"D03","OSBS","000","060","2019-04-20",15.8627,13.136,19.668,3.3182,0.0072,64650,1
"D03","OSBS","000","060","2019-04-21",16.9767,11.8263,23.2555,13.5593,0.0127,83610,0
"D03","OSBS","000","060","2019-04-22",19.7067,13.9827,27.4415,20.6952,0.0155,86100,0
"D03","OSBS","000","060","2019-04-23",21.5926,16.4486,28.8122,15.1418,0.0133,85920,0
"D03","OSBS","000","060","2019-04-24",22.3876,16.3611,29.1632,15.9092,0.0136,86400,0
"D03","OSBS","000","060","2019-04-25",23.4949,17.4667,28.9504,10.0255,0.0108,85616,0
"D03","OSBS","000","060","2019-04-26",22.17,18.5423,27.6126,7.4418,0.0099,75600,0
"D03","OSBS","000","060","2019-04-27",21.5211,15.8057,27.3495,11.7553,0.0117,86070,0
"D03","OSBS","000","060","2019-04-28",22.7763,17.4081,29.7088,15.2397,0.0133,86070,0
"D03","OSBS","000","060","2019-04-29",22.5304,17.1033,28.5942,10.9238,0.0116,80520,0
"D03","OSBS","000","060","2019-04-30",22.7352,18.3154,29.5561,12.726,0.0132,72630,1
"D03","OSBS","000","060","2019-05-01",23.5013,19.9433,29.1339,7.1683,0.0099,73830,0
"D03","OSBS","000","060","2019-05-02",23.1949,20.445,28.8005,4.9148,0.0082,73230,1
"D03","OSBS","000","060","2019-05-03",23.3333,21.7755,27.7602,2.7043,0.0056,85530,0
"D03","OSBS","000","060","2019-05-04",24.7317,21.2729,29.9859,8.3911,0.0102,80880,0
"D03","OSBS","000","060","2019-05-05",23.0932,19.8826,27.2509,3.7863,0.0068,82710,0
"D03","OSBS","000","060","2019-05-06",24.2361,20.745,30.0856,10.8998,0.0112,86370,0
"D03","OSBS","000","060","2019-05-07",24.9753,21.1457,30.8793,9.5499,0.0108,82469,0
"D03","OSBS","000","060","2019-05-08",23.7401,20.247,29.1276,7.2684,0.0099,74040,1
"D03","OSBS","000","060","2019-05-09",23.7493,19.739,29.327,10.1275,0.0111,82620,0
"D03","OSBS","000","060","2019-05-10",24.995,20.8276,30.5958,8.7106,0.0102,83910,0
"D03","OSBS","000","060","2019-05-11",24.7498,19.8452,31.7046,12.5445,0.0122,84840,0
"D03","OSBS","000","060","2019-05-12",25.6444,22.1467,30.9212,6.2241,0.0091,75360,0
"D03","OSBS","000","060","2019-05-13",24.3397,21.9838,27.6064,2.1717,0.0051,83610,0
"D03","OSBS","000","060","2019-05-14",23.0644,19.435,27.9309,6.085,0.0084,86220,0
"D03","OSBS","000","060","2019-05-15",22.5472,17.6645,27.9434,8.3711,0.0102,80238,0
"D03","OSBS","000","060","2019-05-16",23.3868,19.2222,29.344,10.6522,0.0112,85500,0
"D03","OSBS","000","060","2019-05-17",24.4641,19.558,30.949,14.4653,0.013,86130,0
"D03","OSBS","000","060","2019-05-18",24.9774,19.2283,31.2766,12.537,0.0123,82950,0
"D03","OSBS","000","060","2019-05-19",24.4359,18.0201,31.9642,17.9307,0.0144,86160,0
"D03","OSBS","000","060","2019-05-20",26.092,21.3982,32.2823,11.9914,0.0118,85530,0
"D03","OSBS","000","060","2019-05-21",27.1483,23.1544,33.4961,10.9216,0.0113,84900,0
"D03","OSBS","000","060","2019-05-22",26.5881,22.1601,32.8262,9.4214,0.0109,79050,0
"D03","OSBS","000","060","2019-05-23",25.2614,21.2651,31.3545,7.7612,0.0099,79615,0
"D03","OSBS","000","060","2019-05-24",25.2106,19.677,32.7341,17.1946,0.0142,85440,0
"D03","OSBS","000","060","2019-05-25",26.3777,20.8142,34.0713,19.0067,0.0152,81960,0
"D03","OSBS","000","060","2019-05-26",27.5271,21.2674,35.5844,21.6755,0.0158,86370,0
"D03","OSBS","000","060","2019-05-27",28.7909,23.0098,36.6294,15.5595,0.0135,85170,0
"D03","OSBS","000","060","2019-05-28",27.6466,23.1539,35.7572,11.8686,0.012,82890,0
"D03","OSBS","000","060","2019-05-29",27.2173,22.1785,35.2943,20.6825,0.0155,85860,0
"D03","OSBS","000","060","2019-05-30",27.9152,21.8103,34.5462,16.6902,0.0139,85920,0
"D03","OSBS","000","060","2019-05-31",27.2113,23.1549,33.169,5.6034,0.0081,84540,0
"D03","OSBS","000","060","2019-06-01",27.5807,23.7349,34.3806,9.4454,0.0105,85170,0
"D03","OSBS","000","060","2019-06-02",27.6853,23.5112,32.8171,8.222,0.0101,81030,0
"D03","OSBS","000","060","2019-06-03",28.6268,23.8965,35.4061,14.6499,0.013,86100,0
"D03","OSBS","000","060","2019-06-04",28.2608,23.8545,35.7881,11.2062,0.0117,81526,0
"D03","OSBS","000","060","2019-06-05",26.5446,23.3668,33.18,9.0934,0.0103,84990,0
"D03","OSBS","000","060","2019-06-06",26.7295,23.1966,31.7724,5.77,0.0082,86280,0
"D03","OSBS","000","060","2019-06-07",25.9676,23.8905,30.488,2.2336,0.0051,84990,0
"D03","OSBS","000","060","2019-06-08",25.4754,22.955,31.0905,6.1254,0.0088,79380,0
"D03","OSBS","000","060","2019-06-09",23.4256,21.5678,25.5429,0.8223,0.0031,84270,0
"D03","OSBS","000","060","2019-06-10",23.73,21.1292,30.1073,7.1615,0.0094,80760,0
"D03","OSBS","000","060","2019-06-11",25.4978,22.5364,30.6445,4.0224,0.0069,85260,0
"D03","OSBS","000","060","2019-06-12",24.7737,21.683,28.0959,2.2926,0.0054,79380,0
"D03","OSBS","000","060","2019-06-13",23.1653,20.7368,26.318,2.1576,0.005,84739,0
"D03","OSBS","000","060","2019-06-14",24.9134,21.7348,28.7252,4.9772,0.0078,82860,0
"D03","OSBS","000","060","2019-06-15",25.3438,21.4867,30.4693,8.1915,0.0098,84780,0
"D03","OSBS","000","060","2019-06-16",25.6218,22.7262,30.7755,4.5353,0.0073,85410,0
"D03","OSBS","000","060","2019-06-18",24.8824,22.4308,29.2073,3.212,0.0061,85890,0
"D03","OSBS","000","060","2019-06-19",24.665,22.1335,29.7804,2.3821,0.0055,79890,0
"D03","OSBS","000","060","2019-06-20",25.8132,22.3703,30.9311,7.0682,0.0098,73770,1
"D03","OSBS","000","060","2019-06-21",28.3797,25.0138,33.5308,7.4523,0.0095,82530,0
"D03","OSBS","000","060","2019-06-22",28.3504,24.9982,33.2678,6.9409,0.009,84990,0
"D03","OSBS","000","060","2019-06-23",28.5257,23.8988,33.9956,9.3388,0.0104,86370,0
"D03","OSBS","000","060","2019-06-24",28.7031,24.1373,33.985,9.3364,0.0105,85380,0
"D03","OSBS","000","060","2019-06-25",28.8276,25.0727,34.7262,9.2323,0.0105,84450,0
"D03","OSBS","000","060","2019-06-26",29.3463,24.5677,34.242,7.3183,0.0092,86010,0
"D03","OSBS","000","060","2019-06-27",27.9184,23.2389,33.2029,7.336,0.0094,83220,0
"D03","OSBS","000","060","2019-06-28",26.5649,22.0469,32.7561,7.7338,0.0096,84030,0
"D03","OSBS","000","060","2019-06-29",25.6906,22.2275,31.7072,4.1555,0.0071,81990,0
"D03","OSBS","000","060","2019-06-30",26.086,22.419,32.334,11.2791,0.0114,86400,0
"D03","OSBS","000","060","2019-07-01",27.3433,23.6186,33.9781,10.0945,0.0109,85020,0
"D03","OSBS","000","060","2019-07-02",28.5579,24.7981,34.9923,8.4963,0.0099,86250,0
"D03","OSBS","000","060","2019-07-04",27.2937,24.0711,34.7668,6.8962,0.0091,83670,0
"D03","OSBS","000","060","2019-07-05",25.3981,22.4801,32.5935,6.4946,0.0088,83820,0
"D03","OSBS","000","060","2019-07-06",24.7686,22.5039,30.0138,4.7745,0.0075,85890,0
"D03","OSBS","000","060","2019-07-07",25.4159,23.3178,30.9455,4.6835,0.0074,85860,0
"D03","OSBS","000","060","2019-07-08",26.5318,22.9377,33.1109,10.386,0.011,85530,0
"D03","OSBS","000","060","2019-07-09",26.2432,23.607,32.5903,5.2615,0.0079,85050,0
"D03","OSBS","000","060","2019-07-10",26.3741,24.066,32.0199,4.1993,0.0071,83439,0
"D03","OSBS","000","060","2019-07-11",26.6542,23.6099,33.1708,6.3336,0.0087,83820,0
"D03","OSBS","000","060","2019-07-12",25.9559,22.8962,32.8613,5.816,0.0083,84780,0
"D03","OSBS","000","060","2019-07-13",26.0547,22.2047,33.0877,15.3496,0.0133,86280,0
"D03","OSBS","000","060","2019-07-14",28.9386,24.9849,34.2326,8.3201,0.0098,86400,0
"D03","OSBS","000","060","2019-07-15",28.8495,24.7137,34.6237,6.5508,0.0087,85578,0
"D03","OSBS","000","060","2019-07-16",28.2682,24.7884,34.8359,7.827,0.0096,85800,0
"D03","OSBS","000","060","2019-07-17",27.0182,23.3285,33.8506,6.8603,0.009,84570,0
"D03","OSBS","000","060","2019-07-19",26.8708,23.9575,32.699,4.3903,0.0071,86340,0
"D03","OSBS","000","060","2019-07-20",26.2131,22.5014,32.6631,8.9168,0.0102,85590,0
"D03","OSBS","000","060","2019-07-21",25.8275,21.9474,32.0885,7.0991,0.0091,85860,0
"D03","OSBS","000","060","2019-07-22",25.3941,21.9213,32.0621,9.2039,0.0104,85860,0
"D03","OSBS","000","060","2019-07-23",25.9349,22.5228,31.2822,6.2848,0.0086,84660,0
"D03","OSBS","000","060","2019-07-24",24.4348,21.5229,28.511,2.8123,0.0057,85440,0
"D03","OSBS","000","060","2019-07-25",23.5754,21.7998,27.1739,2.4847,0.0054,84960,0
"D03","OSBS","000","060","2019-07-26",24.0654,21.9305,26.3433,1.44,0.0041,86400,0
"D03","OSBS","000","060","2019-07-27",24.9478,22.0193,29.4547,4.4647,0.0072,86310,0
"D03","OSBS","000","060","2019-07-28",25.191,22.6297,29.7745,3.2613,0.0062,85830,0
"D03","OSBS","000","060","2019-07-29",25.5128,22.3085,29.7605,6.1719,0.0085,86250,0
"D03","OSBS","000","060","2019-07-30",26.6004,22.4604,32.7334,9.2643,0.0104,85380,0
"D03","OSBS","000","060","2019-07-31",26.9308,23.839,32.5692,5.6087,0.0082,84180,0
"D03","OSBS","000","060","2019-08-01",24.8606,22.1847,31.0767,3.9925,0.0069,84524,0
"D03","OSBS","000","060","2019-08-02",24.7335,23.0839,27.9827,1.2897,0.0039,85169,0
"D03","OSBS","000","060","2019-08-03",26.2383,22.7289,32.0838,9.1148,0.0103,86400,0
"D03","OSBS","000","060","2019-08-04",27.8634,23.8718,32.7341,7.9785,0.0096,86220,0
"D03","OSBS","000","060","2019-08-05",27.3918,24.0245,31.9755,4.8984,0.0076,85470,0
"D03","OSBS","000","060","2019-08-06",26.8222,23.899,31.5159,5.3332,0.0079,85919,0
"D03","OSBS","000","060","2019-08-07",25.3675,23.5606,28.6058,2.1505,0.005,86220,0
"D03","OSBS","000","060","2019-08-09",27.8924,24.726,34.3279,8.591,0.0101,84510,0
"D03","OSBS","000","060","2019-08-10",28.8299,25.7105,35.0577,8.5374,0.01,85170,0
"D03","OSBS","000","060","2019-08-11",28.3229,23.924,34.547,8.428,0.0099,85680,0
"D03","OSBS","000","060","2019-08-12",26.7974,23.262,33.9263,12.0007,0.0118,85560,0
"D03","OSBS","000","060","2019-08-13",27.4059,24.1579,33.9797,11.6141,0.0116,86310,0
"D03","OSBS","000","060","2019-08-14",27.7336,24.6325,32.8272,5.7233,0.0082,84215,0
"D03","OSBS","000","060","2019-08-16",24.3602,23.4223,25.5052,0.4308,0.0024,77580,0
"D03","OSBS","000","060","2019-08-17",23.4795,21.8922,25.1095,0.2819,0.0019,79410,0
"D03","OSBS","000","060","2019-08-18",24.0676,22.1836,27.5089,1.4178,0.0041,84330,0
"D03","OSBS","000","060","2019-08-19",25.2917,22.3611,30.5757,6.1175,0.0084,86130,0
"D03","OSBS","000","060","2019-08-20",26.1602,22.8894,32.2966,6.3075,0.0086,85590,0
"D03","OSBS","000","060","2019-08-21",26.7195,23.6185,32.6399,7.5335,0.0094,86040,0
"D03","OSBS","000","060","2019-08-22",27.5131,24.218,33.0014,7.3473,0.0093,85500,0
"D03","OSBS","000","060","2019-08-23",27.6127,23.781,33.1977,7.8983,0.0096,85440,0
"D03","OSBS","000","060","2019-08-24",27.4689,23.8443,33.5804,8.135,0.0098,85410,0
"D03","OSBS","000","060","2019-08-25",26.6212,24.1879,31.5045,2.832,0.0058,85560,0
"D03","OSBS","000","060","2019-08-26",26.2774,21.7706,32.2575,7.7694,0.0095,85260,0
"D03","OSBS","000","060","2019-08-27",25.1908,22.1965,32.1087,7.2679,0.0092,85800,0
"D03","OSBS","000","060","2019-08-28",26.4905,23.3575,31.5147,7.1053,0.0091,86370,0
"D03","OSBS","000","060","2019-08-29",27.9043,24.2321,32.8832,7.3768,0.0093,85830,0
"D03","OSBS","000","060","2019-08-30",25.2741,23.008,30.0188,2.2631,0.0051,85950,0
"D03","OSBS","000","060","2019-08-31",26.9659,23.6308,32.0345,6.7217,0.009,83880,0
"D03","OSBS","000","060","2019-09-01",26.1488,23.739,29.9286,1.8005,0.0046,85620,0
"D03","OSBS","000","060","2019-09-02",26.2406,23.7867,30.4799,2.8952,0.0058,84960,0
"D03","OSBS","000","060","2019-09-03",26.1021,23.2932,30.5604,4.0309,0.0069,84840,0
"D03","OSBS","000","060","2019-09-04",26.3666,22.1506,29.2121,3.711,0.0085,51090,1
"D03","OSBS","000","060","2019-09-05",28.5295,24.9622,33.5067,7.1433,0.0094,81330,0
"D03","OSBS","000","060","2019-09-06",28.4343,24.439,33.4139,8.4311,0.0099,86189,0
"D03","OSBS","000","060","2019-09-07",27.9076,22.6885,34.0298,13.9274,0.0127,86400,0
"D03","OSBS","000","060","2019-09-08",28.4392,23.7897,34.0388,11.381,0.0115,86400,0
"D03","OSBS","000","060","2019-09-09",28.4727,23.5005,34.1264,10.9878,0.0113,86160,0
"D03","OSBS","000","060","2019-09-10",27.368,23.2222,32.8864,8.1478,0.0099,83940,0
"D03","OSBS","000","060","2019-09-12",26.3848,23.0732,31.2993,6.2986,0.0088,82168,0
"D03","OSBS","000","060","2019-09-13",26.1351,23.4043,30.2121,4.0982,0.0071,81810,0
"D03","OSBS","000","060","2019-09-14",26.4448,23.5153,31.526,5.8168,0.0084,82110,0
"D03","OSBS","000","060","2019-09-15",25.8858,23.7634,31.431,3.0674,0.006,85710,0
"D03","OSBS","000","060","2019-09-16",26.7768,23.6521,32.0336,8.2984,0.0098,86400,0
"D03","OSBS","000","060","2019-09-17",27.6986,22.0196,33.885,12.9693,0.0123,86370,0
"D03","OSBS","000","060","2019-09-18",26.1443,22.234,30.1108,5.1897,0.0079,83850,0
"D03","OSBS","000","060","2019-09-19",24.2268,21.181,28.5035,3.7438,0.0066,85440,0
"D03","OSBS","000","060","2019-09-20",23.4106,20.1118,29.3697,9.3729,0.0109,78930,0
"D03","OSBS","000","060","2019-09-21",24.2332,20.6488,29.0934,6.0675,0.0088,78180,0
"D03","OSBS","000","060","2019-09-22",24.2133,20.6663,29.7649,7.3432,0.0098,77130,0
"D03","OSBS","000","060","2019-09-23",24.5229,20.8393,29.8331,7.6116,0.0094,85830,0
"D03","OSBS","000","060","2019-09-24",25.1821,18.7228,32.2376,17.0876,0.0141,86370,0
"D03","OSBS","000","060","2019-09-25",27.0138,21.5481,33.385,15.9862,0.0137,85417,0
"D03","OSBS","000","060","2019-09-26",27.3258,22.612,33.4946,11.369,0.0115,86400,0
"D03","OSBS","000","060","2019-09-27",27.0595,23.5062,32.4166,7.9436,0.0097,85080,0
"D03","OSBS","000","060","2019-09-28",25.3995,21.0431,30.6374,7.8232,0.0096,85200,0
"D03","OSBS","000","060","2019-09-29",25.0831,20.9693,31.5764,9.6432,0.0107,83700,0
"D03","OSBS","000","060","2019-09-30",26.0323,22.5997,31.7345,8.3039,0.0099,85260,0
