"domainID","siteID","horizontalPosition","verticalPosition","date","wssStaPresMean","wssStaPresMinimum","wssStaPresMaximum","wssStaPresVariance","wssStaPresStdErMean","wssStaPresNumPts","staPresQF","wssCorPres","corPresQF"
"D03","OSBS","000","025","2018-01-01",101.85615,101.54032,102.33308,0.04923,0.00239,8640,0,102.48749,0
"D03","OSBS","000","025","2018-01-02",102.36236,102.19259,102.56389,0.00849,0.00099,8640,0,103.0084,0
"D03","OSBS","000","025","2018-01-03",101.50802,101.03858,102.19259,0.11584,0.00366,8640,0,102.14773,0
"D03","OSBS","000","025","2018-01-04",101.41091,101.26938,101.6507,0.01077,0.00112,8640,0,102.05194,0
"D03","OSBS","000","025","2018-01-05",102.1229,101.60052,102.4836,0.05284,0.00247,8640,0,102.76733,0
"D03","OSBS","000","025","2018-01-06",102.5172,102.35314,102.76459,0.01079,0.00112,8640,0,103.15996,0
"D03","OSBS","000","025","2018-01-07",102.63495,102.36318,102.79469,0.01527,0.00133,8640,0,103.27319,0
"D03","OSBS","000","025","2018-01-08",101.95775,101.48011,102.49363,0.09866,0.00338,8640,0,102.58146,0
"D03","OSBS","000","025","2018-01-09",101.49117,101.27941,101.64066,0.00945,0.00105,8640,0,102.09539,0
"D03","OSBS","000","025","2018-01-10",101.43912,101.19914,101.61056,0.01541,0.00134,8640,0,102.03944,0
"D03","OSBS","000","025","2018-01-11",101.22615,100.99845,101.4199,0.01407,0.00128,8640,0,101.82181,0
"D03","OSBS","000","025","2018-01-12",100.76495,100.286,101.18911,0.06974,0.00284,8640,0,101.36004,0
"D03","OSBS","000","025","2018-01-13",101.30185,100.6071,102.01196,0.1699,0.00443,8640,0,101.91855,0
"D03","OSBS","000","025","2018-01-14",102.38445,102.01196,102.63413,0.01604,0.00136,8640,0,103.02263,0
"D03","OSBS","000","025","2018-01-15",102.47823,102.32304,102.67427,0.00808,0.00097,8640,0,103.11385,0
"D03","OSBS","000","025","2018-01-16",102.42159,102.15244,102.58395,0.01728,0.00141,8640,0,103.05317,0
"D03","OSBS","000","025","2018-01-17",102.05524,101.92164,102.24276,0.0092,0.00103,8640,0,102.68287,0
"D03","OSBS","000","025","2018-01-18",102.36706,102.15244,102.58395,0.01322,0.00124,8640,0,103.01453,0
"D03","OSBS","000","025","2018-01-19",102.25308,101.96178,102.40332,0.02161,0.00158,8640,0,102.89195,0
"D03","OSBS","000","025","2018-01-20",102.08536,101.94171,102.2829,0.00578,0.00082,8640,0,102.71576,0
"D03","OSBS","000","025","2018-01-21",101.95191,101.71091,102.15244,0.01739,0.00142,8640,0,102.56708,0
"D03","OSBS","000","025","2018-01-22",101.57608,101.22925,101.84136,0.03524,0.00202,8640,0,102.1817,0
"D03","OSBS","000","025","2018-01-23",101.21774,101.09879,101.30952,0.00376,0.00066,8640,0,101.81319,0
"D03","OSBS","000","025","2018-01-24",101.70214,101.28945,102.01196,0.03042,0.00188,8640,0,102.32041,0
"D03","OSBS","000","025","2018-01-25",102.40938,102.00192,102.75455,0.04693,0.00233,8640,0,103.03332,0
"D03","OSBS","000","025","2018-01-26",102.71197,102.57391,102.84487,0.00517,0.00077,8640,0,103.336,0
"D03","OSBS","000","025","2018-01-27",102.39,102.01196,102.70438,0.04344,0.00224,8640,0,103.00041,0
"D03","OSBS","000","025","2018-01-28",101.7592,101.27941,102.1123,0.07082,0.00286,8640,0,102.36203,0
"D03","OSBS","000","025","2018-01-29",101.05378,100.79776,101.32959,0.0204,0.00154,8640,0,101.65366,0
"D03","OSBS","000","025","2018-01-30",101.78059,101.30952,102.1123,0.04936,0.00239,8640,0,102.40213,0
"D03","OSBS","000","025","2018-01-31",102.21981,101.96178,102.39328,0.01588,0.00136,8640,0,102.8507,0
"D03","OSBS","000","025","2018-02-01",101.91677,101.6808,102.1123,0.0167,0.00139,8640,0,102.53498,0
"D03","OSBS","000","025","2018-02-02",101.79662,101.64066,102.04206,0.00627,0.00085,8640,0,102.40837,0
"D03","OSBS","000","025","2018-02-03",102.15534,101.93168,102.30297,0.0122,0.00119,8640,0,102.77979,0
"D03","OSBS","000","025","2018-02-04",101.39333,100.868,101.99188,0.13276,0.00392,8640,0,102.00161,0
"D03","OSBS","000","025","2018-02-05",101.47517,100.95831,101.88151,0.08339,0.00311,8640,0,102.07978,0
"D03","OSBS","000","025","2018-02-06",102.04554,101.81126,102.31301,0.01378,0.00126,8640,0,102.65975,0
"D03","OSBS","000","025","2018-02-07",101.91768,101.6507,102.15244,0.0193,0.00149,8640,0,102.51901,0
"D03","OSBS","000","025","2018-02-08",101.99802,101.79119,102.25279,0.02107,0.00156,8640,0,102.6009,0
"D03","OSBS","000","025","2018-02-09",102.08714,101.76108,102.33308,0.03108,0.0019,8640,0,102.69312,0
"D03","OSBS","000","025","2018-02-10",101.75056,101.45001,101.94171,0.02586,0.00173,8640,0,102.34556,0
"D03","OSBS","000","025","2018-02-11",101.56926,101.3898,101.75105,0.00847,0.00099,8640,0,102.16166,0
"D03","OSBS","000","025","2018-02-12",101.92303,101.56039,102.19259,0.03228,0.00195,8491,0,102.51874,0
"D03","OSBS","000","025","2018-02-13",102.48531,102.09224,102.79469,0.0402,0.00216,8640,0,103.09162,0
"D03","OSBS","000","025","2018-02-14",102.64228,102.32304,102.82479,0.02081,0.00155,8639,0,103.25894,0
"D03","OSBS","000","025","2018-02-15",102.19601,101.85139,102.42339,0.03325,0.00203,8104,0,102.80114,0
"D03","OSBS","000","025","2018-02-16",101.77208,101.50018,101.94171,0.01697,0.0014,8640,0,102.37097,0
"D03","OSBS","000","025","2018-02-17",101.71282,101.58046,101.86143,0.00507,0.00077,8640,0,102.30902,0
"D03","OSBS","000","025","2018-02-18",101.84686,101.70088,102.03202,0.00724,0.00092,8631,0,102.44363,0
"D03","OSBS","000","025","2018-02-19",102.12025,101.93168,102.36318,0.01258,0.00121,8640,0,102.71843,0
"D03","OSBS","000","025","2018-02-20",102.24477,102.09224,102.42339,0.00777,0.001,7745,0,102.84028,1
"D03","OSBS","000","025","2018-02-21",102.39789,102.24276,102.61406,0.01073,0.00114,8235,0,102.99189,1
"D03","OSBS","000","025","2018-02-22",102.46447,102.2829,102.66424,0.0094,0.00104,8640,0,103.06257,0
"D03","OSBS","000","025","2018-02-23",102.35265,102.07216,102.53377,0.02138,0.00157,8640,0,102.95119,0
"D03","OSBS","000","025","2018-02-24",101.92268,101.51022,102.16248,0.0429,0.00223,8640,0,102.51816,0
"D03","OSBS","000","025","2018-02-25",101.64756,101.45001,101.80123,0.0098,0.00107,8640,0,102.23829,0
"D03","OSBS","000","025","2018-02-26",101.62326,101.48011,101.78115,0.00626,0.00085,8640,0,102.21542,0
"D03","OSBS","000","025","2018-02-27",101.93048,101.66074,102.19259,0.02015,0.00153,8640,0,102.53265,0
"D03","OSBS","000","025","2018-02-28",101.64559,101.25935,102.01196,0.04957,0.0024,8640,0,102.24695,0
"D03","OSBS","000","025","2018-03-01",101.14913,100.8981,101.35969,0.01599,0.00136,8640,0,101.73901,0
"D03","OSBS","000","025","2018-03-02",101.32497,101.00848,101.58046,0.02688,0.00176,8633,0,101.92145,0
"D03","OSBS","000","025","2018-03-03",101.61961,101.42994,101.85139,0.0136,0.00125,8640,0,102.23155,0
"D03","OSBS","000","025","2018-03-04",101.61418,101.53028,101.79119,0.00566,0.00082,8329,0,102.23041,0
"D03","OSBS","000","025","2018-03-05",101.50848,101.22925,101.72094,0.02287,0.00167,8249,0,102.12677,0
"D03","OSBS","000","025","2018-03-06",101.13293,100.8078,101.39983,0.03003,0.00186,8640,0,101.73952,0
"D03","OSBS","000","025","2018-03-07",100.84077,100.55693,101.13893,0.02692,0.00177,8640,0,101.43962,0
"D03","OSBS","000","025","2018-03-08",101.27703,100.99845,101.57042,0.02186,0.00159,8640,0,101.89583,0
"D03","OSBS","000","025","2018-03-09",101.59528,101.30952,101.87147,0.01596,0.00136,8640,0,102.21691,0
"D03","OSBS","000","025","2018-03-10",101.46161,101.11886,101.6808,0.02905,0.00183,8640,0,102.07762,0
"D03","OSBS","000","025","2018-03-11",100.89711,100.39638,101.18911,0.04694,0.00233,8640,0,101.49652,0
"D03","OSBS","000","025","2018-03-12",100.45145,100.15556,100.93824,0.0237,0.00166,8640,0,101.04715,0
"D03","OSBS","000","025","2018-03-13",101.33312,100.93824,101.59049,0.0227,0.00162,8640,0,101.9535,0
"D03","OSBS","000","025","2018-03-14",101.44261,101.26938,101.67077,0.01091,0.00112,8638,0,102.06128,0
"D03","OSBS","000","025","2018-03-15",101.62325,101.35969,101.87147,0.02021,0.00153,8640,0,102.24517,0
"D03","OSBS","000","025","2018-03-16",101.47518,101.26938,101.71091,0.0141,0.00128,8640,0,102.08944,0
"D03","OSBS","000","025","2018-03-17",101.3275,100.98841,101.50018,0.02628,0.00174,8640,0,101.93078,0
"D03","OSBS","000","025","2018-03-18",100.97215,100.61714,101.159,0.02634,0.00175,8640,0,101.56695,0
"D03","OSBS","000","025","2018-03-19",100.58163,100.33618,100.81782,0.01687,0.0014,8640,0,101.17374,0
"D03","OSBS","000","025","2018-03-20",100.11829,99.71405,100.47666,0.04455,0.00227,8640,0,100.70486,0
"D03","OSBS","000","025","2018-03-21",100.67703,99.93481,101.13893,0.11175,0.0036,8640,0,101.2811,0
"D03","OSBS","000","025","2018-03-22",101.69298,101.13893,102.01196,0.04097,0.00218,8640,0,102.3109,0
"D03","OSBS","000","025","2018-03-23",101.99948,101.73098,102.24276,0.01719,0.00141,8640,0,102.61973,0
"D03","OSBS","000","025","2018-03-24",101.75661,101.29949,101.97182,0.04125,0.00219,8640,0,102.36681,0
"D03","OSBS","000","025","2018-03-25",101.33439,101.13893,101.46004,0.00787,0.00095,8640,0,101.93362,0
"D03","OSBS","000","025","2018-03-26",101.89871,101.31955,102.19259,0.05375,0.00249,8640,0,102.50847,0
"D03","OSBS","000","025","2018-03-27",102.17027,101.96178,102.32304,0.01119,0.00114,8640,0,102.7756,0
"D03","OSBS","000","025","2018-03-28",101.82254,101.42994,102.15244,0.04842,0.00237,8640,0,102.42448,0
"D03","OSBS","000","025","2018-03-29",101.4575,101.17907,101.69084,0.01848,0.00146,8640,0,102.05345,0
"D03","OSBS","000","025","2018-03-30",101.40581,101.21921,101.55036,0.00579,0.00082,8640,0,102.0026,0
"D03","OSBS","000","025","2018-03-31",101.72065,101.51022,101.94171,0.0124,0.0012,8640,0,102.32386,0
"D03","OSBS","000","025","2018-04-01",101.59641,101.26938,101.77112,0.0232,0.00164,8640,0,102.198,0
"D03","OSBS","000","025","2018-04-02",101.30999,101.07872,101.48011,0.01337,0.00124,8640,0,101.90439,0
"D03","OSBS","000","025","2018-04-03",101.249,101.03858,101.40987,0.01069,0.00111,8640,0,101.83894,0
"D03","OSBS","000","025","2018-04-04",101.15108,101.00848,101.24931,0.0045,0.00072,8640,0,101.74256,0
"D03","OSBS","000","025","2018-04-05",101.46826,101.09879,101.71091,0.01752,0.00142,8640,0,102.07135,0
"D03","OSBS","000","025","2018-04-06",101.36927,100.91817,101.58046,0.04285,0.00223,8640,0,101.96815,0
"D03","OSBS","000","025","2018-04-07",100.68422,100.1957,101.04862,0.05844,0.0026,8640,0,101.27372,0
"D03","OSBS","000","025","2018-04-08",100.73302,100.35624,101.06869,0.05767,0.00258,8640,0,101.33109,0
"D03","OSBS","000","025","2018-04-09",100.99876,100.82786,101.18911,0.00722,0.00091,8639,0,101.59797,0
"D03","OSBS","000","025","2018-04-10",101.23737,101.04862,101.39983,0.00503,0.00076,8640,0,101.83992,0
"D03","OSBS","000","025","2018-04-11",101.52195,101.26938,101.78115,0.01931,0.00149,8640,0,102.12845,0
"D03","OSBS","000","025","2018-04-12",101.74039,101.58046,101.94171,0.00972,0.00106,8640,0,102.34607,0
"D03","OSBS","000","025","2018-04-13",101.59895,101.3898,101.75105,0.00983,0.00107,8640,0,102.19588,0
"D03","OSBS","000","025","2018-04-14",101.37382,101.01852,101.61056,0.03438,0.00199,8640,0,101.96596,0
"D03","OSBS","000","025","2018-04-15",100.88544,100.46662,101.22925,0.05258,0.00247,8640,0,101.47305,0
"D03","OSBS","000","025","2018-04-16",101.1819,100.68738,101.53028,0.04479,0.00228,8640,0,101.79038,0
"D03","OSBS","000","025","2018-04-17",101.50094,101.18911,101.77112,0.02332,0.00168,8264,0,102.10865,0
"D03","OSBS","000","025","2018-04-18",101.42326,101.29949,101.58046,0.00672,0.00088,8640,0,102.02249,0
"D03","OSBS","000","025","2018-04-19",101.36624,101.21921,101.53028,0.00738,0.00092,8640,0,101.96306,0
"D03","OSBS","000","025","2018-04-20",101.58084,101.25935,101.85139,0.0395,0.00214,8640,0,102.1819,0
"D03","OSBS","000","025","2018-04-21",101.77464,101.64066,101.92164,0.0054,0.00079,8640,0,102.37287,0
"D03","OSBS","000","025","2018-04-22",101.65163,101.26938,101.86143,0.02545,0.00172,8640,0,102.2461,0
"D03","OSBS","000","025","2018-04-23",101.14063,100.77769,101.45001,0.0334,0.00197,8640,0,101.72837,0
"D03","OSBS","000","025","2018-04-24",100.9046,100.68738,101.09879,0.01167,0.00116,8640,0,101.49469,0
"D03","OSBS","000","025","2018-04-25",100.85589,100.59707,101.00848,0.01631,0.00137,8640,0,101.44971,0
"D03","OSBS","000","025","2018-04-26",100.78071,100.59707,100.9282,0.00934,0.00104,8640,0,101.37263,0
"D03","OSBS","000","025","2018-04-27",100.67746,100.49672,100.8078,0.00781,0.00095,8640,0,101.2667,0
"D03","OSBS","000","025","2018-04-28",100.88515,100.59707,101.11886,0.01226,0.00119,8640,0,101.47868,0
"D03","OSBS","000","025","2018-04-29",101.29097,100.90814,101.53028,0.01811,0.00145,8640,0,101.88311,0
"D03","OSBS","000","025","2018-04-30",101.74063,101.35969,102.00192,0.02384,0.00166,8640,0,102.33743,0
"D03","OSBS","000","025","2018-05-01",101.90303,101.80123,102.06213,0.00566,0.00081,8640,0,102.50211,0
"D03","OSBS","000","025","2018-05-02",102.02172,101.88151,102.14241,0.00551,8e-04,8640,0,102.62116,0
"D03","OSBS","000","025","2018-05-03",101.93434,101.80123,102.07216,0.00781,0.00095,8640,0,102.53225,0
"D03","OSBS","000","025","2018-05-04",101.68982,101.36973,101.91161,0.02712,0.00178,8561,0,102.28331,0
"D03","OSBS","000","025","2018-05-05",101.29419,100.96834,101.59049,0.03307,0.00196,8640,0,101.88615,0
"D03","OSBS","000","025","2018-05-06",100.96433,100.74758,101.13893,0.01278,0.00122,8640,0,101.54888,0
"D03","OSBS","000","025","2018-05-07",101.01837,100.8078,101.16903,0.00739,0.00092,8640,0,101.60378,0
"D03","OSBS","000","025","2018-05-08",101.27174,101.07872,101.46004,0.00924,0.00103,8640,0,101.86294,0
"D03","OSBS","000","025","2018-05-09",101.4573,101.32959,101.60052,0.00694,9e-04,8640,0,102.04965,0
"D03","OSBS","000","025","2018-05-10",101.49835,101.21921,101.67077,0.01447,0.00129,8640,0,102.08849,0
"D03","OSBS","000","025","2018-05-11",101.43636,101.23927,101.56039,0.0085,0.00099,8640,0,102.0213,0
"D03","OSBS","000","025","2018-05-12",101.48647,101.34966,101.6507,0.00767,0.00094,8640,0,102.07224,0
"D03","OSBS","000","025","2018-05-13",101.44604,101.25935,101.60052,0.0091,0.00103,8640,0,102.03764,0
"D03","OSBS","000","025","2018-05-14",101.19844,100.90814,101.33963,0.01399,0.00127,8640,0,101.78854,0
"D03","OSBS","000","025","2018-05-15",100.9859,100.87804,101.14897,0.00453,0.00072,8640,0,101.57483,0
"D03","OSBS","000","025","2018-05-16",100.95106,100.74758,101.08876,0.00884,0.00101,8640,0,101.5393,0
"D03","OSBS","000","025","2018-05-17",100.87975,100.78772,101.00848,0.0027,0.00056,8640,0,101.46545,0
"D03","OSBS","000","025","2018-05-18",101.03149,100.84793,101.19914,0.00606,0.00084,8640,0,101.6182,0
"D03","OSBS","000","025","2018-05-19",101.262,101.06869,101.40987,0.00783,0.00095,8640,0,101.84842,0
"D03","OSBS","000","025","2018-05-20",101.51306,101.35969,101.69084,0.0056,8e-04,8640,0,102.10483,0
"D03","OSBS","000","025","2018-05-21",101.45514,101.32959,101.60052,0.00451,0.00072,8640,0,102.04492,0
"D03","OSBS","000","025","2018-05-22",101.42799,101.27941,101.57042,0.00624,0.00085,8640,0,102.01524,0
"D03","OSBS","000","025","2018-05-23",101.43785,101.23927,101.61056,0.01096,0.00115,8260,0,102.02387,0
"D03","OSBS","000","025","2018-05-24",101.39208,101.19914,101.52025,0.00786,0.00095,8640,0,101.97564,0
"D03","OSBS","000","025","2018-05-25",101.24862,100.98841,101.45001,0.01902,0.00148,8640,0,101.8313,0
"D03","OSBS","000","025","2018-05-26",101.01997,100.78772,101.19914,0.01468,0.0013,8640,0,101.60315,0
"D03","OSBS","000","025","2018-05-27",100.60204,100.24586,100.868,0.03712,0.00207,8640,0,101.18446,0
"D03","OSBS","000","025","2018-05-28",100.47362,100.32614,100.62717,0.00355,0.00064,8640,0,101.05192,0
"D03","OSBS","000","025","2018-05-29",100.78483,100.5469,100.94828,0.00839,0.00099,8640,0,101.36661,0
"D03","OSBS","000","025","2018-05-30",101.05738,100.8981,101.26938,0.00784,0.00095,8640,0,101.64373,0
"D03","OSBS","000","025","2018-05-31",101.13417,100.96834,101.32959,0.00979,0.00106,8640,0,101.71736,0
"D03","OSBS","000","025","2018-06-01",101.10399,100.88807,101.23927,0.01029,0.00109,8640,0,101.6847,0
"D03","OSBS","000","025","2018-06-02",100.93935,100.67734,101.10883,0.01399,0.00127,8640,0,101.51866,0
"D03","OSBS","000","025","2018-06-03",100.87526,100.72752,100.98841,0.00365,0.00065,8640,0,101.45495,0
"D03","OSBS","000","025","2018-06-04",100.85329,100.6071,101.01852,0.01052,0.0011,8640,0,101.43011,0
"D03","OSBS","000","025","2018-06-05",100.77157,100.6071,100.9282,0.00755,0.00093,8640,0,101.34884,0
"D03","OSBS","000","025","2018-06-06",100.75994,100.61714,100.96834,0.00713,0.00091,8640,0,101.34555,0
"D03","OSBS","000","025","2018-06-07",101.03599,100.76766,101.22925,0.01753,0.00142,8640,0,101.61977,0
"D03","OSBS","000","025","2018-06-08",101.44377,101.16903,101.6206,0.01169,0.00116,8640,0,102.03051,0
"D03","OSBS","000","025","2018-06-09",101.50858,101.21921,101.64066,0.01221,0.00119,8640,0,102.09435,0
"D03","OSBS","000","025","2018-06-10",101.30486,101.02855,101.43997,0.01369,0.00126,8640,0,101.89043,0
"D03","OSBS","000","025","2018-06-11",101.15052,100.98841,101.26938,0.00432,0.00071,8640,0,101.73427,0
"D03","OSBS","000","025","2018-06-12",101.29655,101.13893,101.48011,0.00923,0.00103,8640,0,101.88241,0
"D03","OSBS","000","025","2018-06-13",101.3999,101.18911,101.59049,0.01109,0.00113,8640,0,101.98275,0
"D03","OSBS","000","025","2018-06-14",101.34047,101.10883,101.48011,0.01089,0.00112,8640,0,101.92167,0
"D03","OSBS","000","025","2018-06-15",101.24897,101.03858,101.3898,0.0084,0.00101,8280,0,101.82798,1
"D03","OSBS","000","025","2018-06-16",101.3089,101.17907,101.45001,0.00487,0.00075,8640,0,101.89136,0
"D03","OSBS","000","025","2018-06-17",101.50855,101.36973,101.69084,0.00827,0.00098,8640,0,102.09153,0
"D03","OSBS","000","025","2018-06-18",101.52267,101.28945,101.66074,0.01029,0.00109,8640,0,102.10368,0
"D03","OSBS","000","025","2018-06-19",101.24437,100.91817,101.42994,0.02078,0.00159,8205,0,101.82602,1
"D03","OSBS","000","025","2018-06-20",100.96269,100.68738,101.1289,0.00855,0.00099,8640,0,101.54207,0
"D03","OSBS","000","025","2018-06-21",100.83642,100.66731,100.91817,0.00385,0.00067,8640,0,101.41444,0
"D03","OSBS","000","025","2018-06-22",100.91157,100.75762,101.08876,0.00823,0.00098,8640,0,101.4855,0
"D03","OSBS","000","025","2018-06-23",101.05495,100.88807,101.20917,0.00747,0.00093,8640,0,101.63023,0
"D03","OSBS","000","025","2018-06-24",101.223,101.03858,101.4199,0.00971,0.00106,8640,0,101.79967,0
"D03","OSBS","000","025","2018-06-25",101.41879,101.24931,101.56039,0.00785,0.00095,8640,0,101.99866,0
"D03","OSBS","000","025","2018-06-26",101.47409,101.30952,101.63063,0.00652,0.00087,8640,0,102.05387,0
"D03","OSBS","000","025","2018-06-27",101.38347,101.11886,101.56039,0.01285,0.00122,8640,0,101.96479,0
"D03","OSBS","000","025","2018-06-28",101.23844,100.98841,101.42994,0.0121,0.00118,8640,0,101.81673,0
"D03","OSBS","000","025","2018-06-29",101.15871,100.99845,101.4199,0.00699,9e-04,8640,0,101.74068,0
"D03","OSBS","000","025","2018-06-30",101.22151,101.10883,101.34966,0.00368,0.00065,8640,0,101.80338,0
"D03","OSBS","000","025","2018-07-01",101.26355,101.11886,101.4199,0.00723,0.00094,8260,0,101.84492,0
"D03","OSBS","000","025","2018-07-02",101.27689,101.09879,101.37977,0.00549,8e-04,8640,0,101.85659,0
"D03","OSBS","000","025","2018-07-03",101.30166,101.14897,101.45001,0.00645,0.00086,8640,0,101.88232,0
"D03","OSBS","000","025","2018-07-04",101.36654,101.25935,101.53028,0.00363,0.00065,8640,0,101.9505,0
"D03","OSBS","000","025","2018-07-05",101.60744,101.49014,101.74101,0.00527,0.00078,8640,0,102.19309,0
"D03","OSBS","000","025","2018-07-06",101.60309,101.24931,101.75105,0.01538,0.00133,8640,0,102.18686,0
"D03","OSBS","000","025","2018-07-07",101.45109,101.34966,101.57042,0.00459,0.00073,8640,0,102.03653,0
"D03","OSBS","000","025","2018-07-08",101.61209,101.43997,101.79119,0.00879,0.00101,8640,0,102.19562,0
"D03","OSBS","000","025","2018-07-09",101.72977,101.50018,101.88151,0.00933,0.00104,8640,0,102.31302,0
"D03","OSBS","000","025","2018-07-10",101.43522,101.05866,101.69084,0.03231,0.00202,7901,0,102.0158,1
"D03","OSBS","000","025","2018-07-11",101.2221,101.01852,101.37977,0.00909,0.00103,8640,0,101.79971,0
"D03","OSBS","000","025","2018-07-12",101.36053,101.07872,101.56039,0.01026,0.00109,8640,0,101.93905,0
"D03","OSBS","000","025","2018-07-13",101.49871,101.28945,101.64066,0.00718,0.00091,8640,0,102.07787,0
"D03","OSBS","000","025","2018-07-14",101.42353,101.22925,101.52025,0.00489,0.00075,8640,0,102.00326,0
"D03","OSBS","000","025","2018-07-15",101.32663,101.159,101.45001,0.00597,0.00083,8640,0,101.90765,0
"D03","OSBS","000","025","2018-07-16",101.32471,101.17907,101.45001,0.00529,0.00078,8640,0,101.90351,0
"D03","OSBS","000","025","2018-07-17",101.3484,101.20917,101.47008,0.00367,0.00065,8640,0,101.93094,0
"D03","OSBS","000","025","2018-07-18",101.17616,100.9282,101.35969,0.01031,0.00109,8640,0,101.75631,0
"D03","OSBS","000","025","2018-07-19",100.99829,100.87804,101.10883,0.00416,0.00069,8640,0,101.57771,0
"D03","OSBS","000","025","2018-07-20",101.00676,100.8981,101.13893,0.00401,0.00069,8529,0,101.58647,0
"D03","OSBS","000","025","2018-07-21",100.9302,100.6071,101.1289,0.01303,0.00123,8640,0,101.50929,0
"D03","OSBS","000","025","2018-07-22",100.70831,100.39638,101.01852,0.01259,0.00121,8640,0,101.29025,0
"D03","OSBS","000","025","2018-07-23",100.48887,100.30608,100.69742,0.00842,0.00099,8640,0,101.06906,0
"D03","OSBS","000","025","2018-07-24",100.73867,100.55693,100.88807,0.00634,0.00086,8640,0,101.31982,0
"D03","OSBS","000","025","2018-07-25",100.9114,100.77769,101.03858,0.00445,0.00072,8640,0,101.48912,0
"D03","OSBS","000","025","2018-07-26",101.08012,100.90814,101.29949,0.00791,0.00096,8640,0,101.65926,0
"D03","OSBS","000","025","2018-07-27",101.20242,101.00848,101.37977,0.00643,0.00086,8630,0,101.77949,0
"D03","OSBS","000","025","2018-07-28",101.28022,101.06869,101.43997,0.00926,0.00104,8640,0,101.85856,0
"D03","OSBS","000","025","2018-07-29",101.23225,101.01852,101.32959,0.00569,0.00081,8640,0,101.8119,0
"D03","OSBS","000","025","2018-07-30",101.26742,101.14897,101.37977,0.00254,0.00054,8640,0,101.85034,0
"D03","OSBS","000","025","2018-07-31",101.40296,101.21921,101.57042,0.00477,0.00074,8640,0,101.98627,0
"D03","OSBS","000","025","2018-08-01",101.38284,101.16903,101.53028,0.00896,0.00102,8640,0,101.9628,0
"D03","OSBS","000","025","2018-08-02",101.38961,101.17907,101.53028,0.00718,0.00091,8640,0,101.9707,0
"D03","OSBS","000","025","2018-08-03",101.49619,101.35969,101.6507,0.00846,0.00099,8640,0,102.07761,0
"D03","OSBS","000","025","2018-08-04",101.63258,101.48011,101.84136,0.01037,0.0011,8640,0,102.21267,0
"D03","OSBS","000","025","2018-08-05",101.7227,101.54032,101.86143,0.00851,0.00099,8640,0,102.30319,0
"D03","OSBS","000","025","2018-08-06",101.6225,101.31955,101.78115,0.01742,0.00142,8640,0,102.20268,0
"D03","OSBS","000","025","2018-08-07",101.47237,101.18911,101.64066,0.0168,0.00139,8640,0,102.05207,0
"D03","OSBS","000","025","2018-08-08",101.41389,101.20917,101.56039,0.00755,0.00093,8640,0,101.99039,0
"D03","OSBS","000","025","2018-08-09",101.42696,101.28945,101.57042,0.00378,0.00066,8640,0,102.00718,0
"D03","OSBS","000","025","2018-08-10",101.26325,100.97838,101.48011,0.01988,0.00152,8640,0,101.84209,0
"D03","OSBS","000","025","2018-08-11",101.12592,100.95831,101.28945,0.00934,0.00104,8640,0,101.70356,0
"D03","OSBS","000","025","2018-08-12",101.22334,101.04862,101.37977,0.00618,0.00085,8640,0,101.80358,0
"D03","OSBS","000","025","2018-08-13",101.29487,101.1289,101.4199,0.00596,0.00083,8640,0,101.87539,0
"D03","OSBS","000","025","2018-08-14",101.31618,101.19914,101.42994,0.00283,0.00057,8640,0,101.89703,0
"D03","OSBS","000","025","2018-08-15",101.42742,101.27941,101.58046,0.00637,0.00086,8640,0,102.00904,0
"D03","OSBS","000","025","2018-08-16",101.63745,101.49014,101.80123,0.0071,0.00091,8640,0,102.22139,0
"D03","OSBS","000","025","2018-08-17",101.76079,101.57042,101.88151,0.00631,0.00085,8640,0,102.34591,0
"D03","OSBS","000","025","2018-08-18",101.5584,101.16903,101.77112,0.03351,0.00197,8640,0,102.13953,0
"D03","OSBS","000","025","2018-08-19",101.27887,101.11886,101.43997,0.00822,0.00098,8640,0,101.85715,0
"D03","OSBS","000","025","2018-08-20",101.41544,101.22925,101.61056,0.00807,0.00097,8640,0,101.99859,0
"D03","OSBS","000","025","2018-08-21",101.47511,101.34966,101.61056,0.00549,8e-04,8640,0,102.05811,0
"D03","OSBS","000","025","2018-08-22",101.29276,101.01852,101.50018,0.01838,0.00146,8640,0,101.87237,0
"D03","OSBS","000","025","2018-08-23",101.07342,100.88807,101.19914,0.0079,0.00098,8273,0,101.64987,1
"D03","OSBS","000","025","2018-08-24",101.15792,101.00848,101.30952,0.00667,0.00088,8594,0,101.73789,0
"D03","OSBS","000","025","2018-08-25",101.45853,101.26938,101.6507,0.00814,0.00097,8640,0,102.03977,0
"D03","OSBS","000","025","2018-08-26",101.64562,101.54032,101.81126,0.00535,0.00079,8536,0,102.22895,0
"D03","OSBS","000","025","2018-08-27",101.57548,101.39983,101.71091,0.00574,0.00082,8639,0,102.15649,0
"D03","OSBS","000","025","2018-08-28",101.56669,101.45001,101.73098,0.00647,0.00087,8640,0,102.14908,0
"D03","OSBS","000","025","2018-08-29",101.63886,101.49014,101.76108,0.0053,0.00078,8640,0,102.22737,0
"D03","OSBS","000","025","2018-08-30",101.56108,101.36973,101.75105,0.00617,0.00085,8640,0,102.14872,0
"D03","OSBS","000","025","2018-08-31",101.43458,101.20917,101.58046,0.00888,0.00101,8640,0,102.01654,0
"D03","OSBS","000","025","2018-09-01",101.46099,101.28945,101.60052,0.00619,0.00085,8640,0,102.04093,0
"D03","OSBS","000","025","2018-09-02",101.50211,101.35969,101.6206,0.00434,0.00071,8640,0,102.08457,0
"D03","OSBS","000","025","2018-09-03",101.52494,101.39983,101.66074,0.00406,0.00069,8640,0,102.10885,0
"D03","OSBS","000","025","2018-09-04",101.50347,101.36973,101.60052,0.00409,0.00069,8640,0,102.08622,0
"D03","OSBS","000","025","2018-09-05",101.48034,101.32959,101.61056,0.00611,0.00084,8640,0,102.06053,0
"D03","OSBS","000","025","2018-09-06",101.40965,101.11886,101.55036,0.01516,0.00132,8640,0,101.98999,0
"D03","OSBS","000","025","2018-09-07",101.23699,100.96834,101.40987,0.01612,0.00137,8640,0,101.81718,0
"D03","OSBS","000","025","2018-09-08",101.01687,100.77769,101.19914,0.01442,0.00129,8640,0,101.59772,0
"D03","OSBS","000","025","2018-09-09",100.86035,100.6372,101.00848,0.00924,0.00103,8640,0,101.43967,0
"D03","OSBS","000","025","2018-09-10",100.9903,100.79776,101.13893,0.00612,0.00084,8640,0,101.56952,0
"D03","OSBS","000","025","2018-09-11",101.17993,101.00848,101.33963,0.00894,0.00102,8640,0,101.76026,0
"D03","OSBS","000","025","2018-09-12",101.16064,100.96834,101.28945,0.00954,0.00105,8639,0,101.77078,1
"D03","OSBS","000","025","2018-09-13",101.10003,100.91817,101.25935,0.00858,0.001,8640,0,NA,1
"D03","OSBS","000","025","2018-09-14",100.91663,100.6071,101.16903,0.02691,0.00176,8640,0,NA,1
"D03","OSBS","000","025","2018-09-15",100.60648,100.37632,100.78772,0.01245,0.0012,8640,0,NA,1
"D03","OSBS","000","025","2018-09-16",100.57842,100.42648,100.73755,0.00649,0.00087,8640,0,NA,1
"D03","OSBS","000","025","2018-09-17",100.98362,100.73755,101.18911,0.01156,0.00116,8595,0,NA,1
"D03","OSBS","000","025","2018-09-18",101.00172,100.74758,101.14897,0.01641,0.00146,7745,0,NA,1
"D03","OSBS","000","025","2018-09-19",100.95999,100.79776,101.09879,0.00698,9e-04,8640,0,NA,1
"D03","OSBS","000","025","2018-09-20",101.23141,100.98841,101.47008,0.01307,0.00123,8640,0,NA,1
"D03","OSBS","000","025","2018-09-21",101.42486,101.23927,101.60052,0.00947,0.00105,8631,0,NA,1
"D03","OSBS","000","025","2018-09-22",101.32669,101.10883,101.49014,0.01301,0.00123,8640,0,NA,1
"D03","OSBS","000","025","2018-09-23",101.19163,101.00848,101.34966,0.0091,0.00103,8640,0,NA,1
"D03","OSBS","000","025","2018-09-24",101.2847,101.11886,101.42994,0.00509,0.00077,8640,0,NA,1
"D03","OSBS","000","025","2018-09-25",101.44463,101.28945,101.63063,0.00771,0.00094,8640,0,NA,1
"D03","OSBS","000","025","2018-09-26",101.4152,101.11886,101.60052,0.01871,0.00147,8640,0,101.8272,1
"D03","OSBS","000","025","2018-09-27",101.2873,101.05866,101.47008,0.01372,0.00126,8640,0,101.86792,0
"D03","OSBS","000","025","2018-09-28",101.37146,101.14897,101.51022,0.0072,0.00091,8640,0,101.94997,0
"D03","OSBS","000","025","2018-09-29",101.5325,101.32959,101.72094,0.00993,0.00107,8640,0,102.11401,0
"D03","OSBS","000","025","2018-09-30",101.58924,101.46004,101.75105,0.00707,9e-04,8640,0,102.1712,0
"D03","OSBS","000","025","2018-10-01",101.65325,101.54032,101.79119,0.00406,0.00069,8640,0,102.23916,0
"D03","OSBS","000","025","2018-10-02",101.58506,101.3898,101.72094,0.00781,0.00095,8640,0,102.17097,0
"D03","OSBS","000","025","2018-10-03",101.4082,101.22925,101.55036,0.01082,0.00115,8189,0,101.99312,1
"D03","OSBS","000","025","2018-10-04",101.3709,101.21921,101.58046,0.00975,0.00109,8157,0,101.95516,1
"D03","OSBS","000","025","2018-10-05",101.35438,101.20917,101.54032,0.00827,0.00098,8640,0,101.93865,0
"D03","OSBS","000","025","2018-10-06",101.40961,101.28945,101.56039,0.0052,0.00078,8640,0,101.99542,0
"D03","OSBS","000","025","2018-10-07",101.40983,101.25935,101.57042,0.00721,0.00091,8640,0,101.99469,0
"D03","OSBS","000","025","2018-10-08",101.2811,101.14897,101.39983,0.0052,0.00078,8640,0,101.8651,0
"D03","OSBS","000","025","2018-10-09",100.97083,100.6071,101.24931,0.03548,0.00203,8640,0,101.55211,0
"D03","OSBS","000","025","2018-10-10",100.51198,100.14552,100.79776,0.03671,0.00206,8639,0,101.08704,0
"D03","OSBS","000","025","2018-10-11",100.39841,100.17563,100.59707,0.01298,0.00123,8640,0,100.97101,0
"D03","OSBS","000","025","2018-10-12",100.63674,100.49672,100.8078,0.00828,0.00098,8640,0,101.21999,0
"D03","OSBS","000","025","2018-10-13",100.86137,100.58704,101.07872,0.01578,0.00138,8317,0,101.45394,0
"D03","OSBS","000","025","2018-10-14",101.24762,100.95831,101.42994,0.00937,0.00104,8640,0,101.8375,0
"D03","OSBS","000","025","2018-10-15",101.47843,101.33963,101.61056,0.00575,0.00082,8498,0,102.06253,0
"D03","OSBS","000","025","2018-10-16",101.50558,101.28945,101.6507,0.01101,0.00123,7334,0,102.08645,1
"D03","OSBS","000","025","2018-10-17",101.55414,101.40987,101.75105,0.00794,0.00096,8640,0,102.13447,0
"D03","OSBS","000","025","2018-10-18",101.7511,101.55036,101.93168,0.00879,0.00101,8640,0,102.33638,0
"D03","OSBS","000","025","2018-10-19",101.80554,101.56039,101.96178,0.01734,0.00145,8280,0,102.39373,1
"D03","OSBS","000","025","2018-10-20",101.32049,100.8981,101.6206,0.05214,0.00246,8640,0,101.90403,0
"D03","OSBS","000","025","2018-10-21",101.32379,101.00848,101.63063,0.03795,0.0021,8640,0,101.91769,0
"D03","OSBS","000","025","2018-10-22",101.71258,101.61056,101.92164,0.00744,0.00093,8640,0,102.31645,0
"D03","OSBS","000","025","2018-10-23",101.5717,101.40987,101.75105,0.01058,0.00111,8640,0,102.16908,0
"D03","OSBS","000","025","2018-10-24",101.3953,101.25935,101.51022,0.00534,0.00079,8640,0,101.98858,1
"D03","OSBS","000","025","2018-10-25",101.18888,100.93824,101.42994,0.02251,0.00161,8640,0,101.78546,0
"D03","OSBS","000","025","2018-10-26",100.47911,100.04518,100.97838,0.08241,0.00309,8640,0,101.0641,0
"D03","OSBS","000","025","2018-10-27",100.7078,100.23583,101.09879,0.05275,0.00247,8640,0,101.30599,0
"D03","OSBS","000","025","2018-10-28",101.54035,101.09879,101.85139,0.03445,0.00204,8247,0,102.14861,0
"D03","OSBS","000","025","2018-10-29",101.50766,101.28945,101.6507,0.0126,0.00121,8640,0,102.10777,0
"D03","OSBS","000","025","2018-10-30",101.58817,101.37977,101.80123,0.00983,0.00107,8640,0,102.1887,0
"D03","OSBS","000","025","2018-10-31",101.68632,101.49014,101.87147,0.0118,0.0012,8225,0,102.28566,0
"D03","OSBS","000","025","2018-11-01",101.20198,100.82786,101.56039,0.05179,0.00245,8639,0,101.79531,0
"D03","OSBS","000","025","2018-11-02",100.77255,100.53686,101.06869,0.01663,0.00139,8640,0,101.36068,0
"D03","OSBS","000","025","2018-11-03",101.50535,100.71748,101.89153,0.12653,0.00383,8640,0,102.11415,0
"D03","OSBS","000","025","2018-11-04",101.71925,101.40987,101.95175,0.02827,0.00181,8640,0,102.32402,0
"D03","OSBS","000","025","2018-11-05",101.40829,101.22925,101.58046,0.01233,0.00119,8640,0,101.99707,0
"D03","OSBS","000","025","2018-11-06",101.2515,101.06869,101.39983,0.00886,0.00101,8640,0,101.83713,0
"D03","OSBS","000","025","2018-11-07",101.24058,101.02855,101.43997,0.01111,0.00128,6762,1,101.83104,1
"D03","OSBS","000","025","2018-11-08",101.20845,101.03858,101.35969,0.00578,0.00082,8640,0,101.79565,0
"D03","OSBS","000","025","2018-11-09",101.20976,100.97838,101.33963,0.01219,0.00119,8640,0,101.79694,0
"D03","OSBS","000","025","2018-11-10",101.33876,101.10883,101.58046,0.02456,0.00169,8640,0,101.93304,0
"D03","OSBS","000","025","2018-11-11",101.70237,101.58046,101.87147,0.00546,0.00079,8640,0,102.30799,0
"D03","OSBS","000","025","2018-11-12",101.50437,101.10883,101.78115,0.04823,0.00236,8640,0,102.09754,0
"D03","OSBS","000","025","2018-11-13",101.24657,101.1289,101.37977,0.00436,0.00071,8640,0,101.83133,0
"D03","OSBS","000","025","2018-11-14",101.46859,101.25935,101.66074,0.01251,0.0012,8640,0,102.06404,0
"D03","OSBS","000","025","2018-11-15",101.17103,100.9282,101.37977,0.01122,0.00114,8640,0,101.77513,0
"D03","OSBS","000","025","2018-11-16",101.56845,101.33963,101.84136,0.01418,0.00128,8640,0,102.19271,0
"D03","OSBS","000","025","2018-11-17",101.74501,101.59049,101.96178,0.00994,0.00107,8640,0,102.36323,0
"D03","OSBS","000","025","2018-11-18",101.68828,101.49014,101.87147,0.01046,0.0011,8640,0,102.29378,0
"D03","OSBS","000","025","2018-11-19",101.53746,101.34966,101.70088,0.00942,0.00104,8640,0,102.13788,0
"D03","OSBS","000","025","2018-11-20",101.45128,101.32959,101.61056,0.0049,0.00075,8640,0,102.0533,0
"D03","OSBS","000","025","2018-11-21",101.70521,101.51022,101.96178,0.01182,0.00121,8053,0,102.31715,0
"D03","OSBS","000","025","2018-11-22",101.81433,101.6507,101.99188,0.00755,0.00093,8640,0,102.43059,0
"D03","OSBS","000","025","2018-11-23",101.49826,101.13893,101.74101,0.03516,0.00202,8640,0,102.1011,0
"D03","OSBS","000","025","2018-11-24",100.70277,100.38634,101.16903,0.05305,0.00248,8640,0,101.2949,0
"D03","OSBS","000","025","2018-11-25",100.8352,100.52682,101.08876,0.02939,0.00184,8640,0,101.43027,0
"D03","OSBS","000","025","2018-11-26",100.79083,100.56696,101.04862,0.01612,0.00137,8640,0,101.38776,0
"D03","OSBS","000","025","2018-11-27",101.03273,100.8078,101.26938,0.0122,0.00119,8640,0,101.65081,0
"D03","OSBS","000","025","2018-11-28",101.4651,101.11886,101.70088,0.01692,0.0014,8640,0,102.09533,0
"D03","OSBS","000","025","2018-11-29",101.73084,101.53028,101.97182,0.01226,0.00119,8640,0,102.35826,0
"D03","OSBS","000","025","2018-11-30",101.68344,101.4199,101.82129,0.01509,0.00133,8477,0,102.29964,0
"D03","OSBS","000","025","2018-12-01",101.18519,100.77769,101.53028,0.04881,0.00238,8640,0,101.78451,0
"D03","OSBS","000","025","2018-12-02",100.82316,100.66731,100.95831,0.00454,0.00072,8640,0,101.41068,0
"D03","OSBS","000","025","2018-12-03",100.88773,100.78772,100.98841,0.00196,0.00048,8606,0,101.47395,0
"D03","OSBS","000","025","2018-12-04",101.213,100.95831,101.49014,0.01887,0.00148,8640,0,101.81522,0
"D03","OSBS","000","025","2018-12-05",101.78419,101.33963,102.12234,0.04758,0.00235,8640,0,102.40767,0
"D03","OSBS","000","025","2018-12-06",102.2929,102.06213,102.55385,0.01123,0.00114,8640,0,102.92424,0
"D03","OSBS","000","025","2018-12-07",102.3712,102.19259,102.58395,0.00929,0.00104,8640,0,102.99601,0
"D03","OSBS","000","025","2018-12-08",102.00886,101.57042,102.33308,0.05201,0.00245,8640,0,102.62229,0
"D03","OSBS","000","025","2018-12-09",101.00607,100.6071,101.67077,0.11968,0.00372,8640,0,101.60408,0
"D03","OSBS","000","025","2018-12-10",101.25522,100.77769,101.67077,0.07231,0.00289,8640,0,101.87531,0
"D03","OSBS","000","025","2018-12-11",101.94163,101.67077,102.26283,0.03348,0.0021,7625,0,102.57024,1
"D03","OSBS","000","025","2018-12-12",102.14783,101.7495,102.32304,0.01256,0.00133,7065,0,102.78336,1
"D03","OSBS","000","025","2018-12-13",101.65335,101.30948,101.86951,0.02724,0.00204,6527,1,102.35898,1
"D03","OSBS","000","025","2018-12-14",101.12469,100.86947,101.34948,0.01181,0.00117,8640,0,101.63174,1
"D03","OSBS","000","025","2018-12-15",100.98181,100.81946,101.16947,0.00724,0.00092,8640,0,101.58142,0
"D03","OSBS","000","025","2018-12-16",101.31198,101.16947,101.56949,0.01315,0.00123,8640,0,101.91894,0
"D03","OSBS","000","025","2018-12-17",101.43231,101.24948,101.6695,0.00964,0.00106,8640,0,102.0498,0
"D03","OSBS","000","025","2018-12-18",101.33308,101.18948,101.48949,0.00645,0.00086,8640,0,101.94848,0
"D03","OSBS","000","025","2018-12-19",101.201,100.85946,101.36949,0.02311,0.00165,8442,0,101.81441,0
"D03","OSBS","000","025","2018-12-20",100.1726,99.26939,100.93947,0.20947,0.00492,8640,0,100.76992,0
"D03","OSBS","000","025","2018-12-21",99.54198,99.16939,100.35944,0.10015,0.00348,8289,0,100.14016,0
"D03","OSBS","000","025","2018-12-22",101.16238,100.35944,101.58949,0.1308,0.00389,8640,0,101.78134,0
"D03","OSBS","000","025","2018-12-23",101.81636,101.58949,102.06952,0.01145,0.00115,8640,0,102.44322,0
"D03","OSBS","000","025","2018-12-24",101.81034,101.6395,101.97952,0.00728,0.00097,7721,0,102.42903,1
"D03","OSBS","000","025","2018-12-25",101.80814,101.6795,102.01951,0.00738,0.00092,8640,0,102.42227,0
"D03","OSBS","000","025","2018-12-26",102.00296,101.87951,102.22953,0.01033,0.00109,8640,0,102.61847,0
"D03","OSBS","000","025","2018-12-27",101.73237,101.40949,101.97952,0.02784,0.0018,8640,0,102.33793,0
"D03","OSBS","000","025","2018-12-28",101.35976,101.21948,101.49949,0.00537,0.00079,8640,0,101.95018,0
"D03","OSBS","000","025","2018-12-29",101.54628,101.32949,101.85951,0.01737,0.00142,8640,0,102.14147,0
"D03","OSBS","000","025","2018-12-30",101.55619,101.39949,101.7295,0.00649,0.00087,8640,0,102.15438,0
"D03","OSBS","000","025","2018-12-31",101.52146,101.32949,101.7095,0.01085,0.00112,8640,0,102.11373,0
"D03","OSBS","000","025","2019-01-01",101.51284,101.40949,101.7195,0.00573,0.00081,8640,0,102.10898,0
"D03","OSBS","000","025","2019-01-02",101.54479,101.30948,101.7395,0.01335,0.00124,8640,0,102.14205,0
"D03","OSBS","000","025","2019-01-03",101.20883,100.99947,101.40949,0.0147,0.0013,8640,0,101.80275,0
"D03","OSBS","000","025","2019-01-04",100.8163,100.42944,101.07947,0.03207,0.00193,8640,0,101.409,0
"D03","OSBS","000","025","2019-01-05",100.93669,100.60945,101.30948,0.03839,0.00211,8640,0,101.54589,0
"D03","OSBS","000","025","2019-01-06",101.48305,101.30948,101.7495,0.01137,0.00115,8624,0,102.0993,0
"D03","OSBS","000","025","2019-01-07",101.73467,101.58949,101.99951,0.01074,0.00111,8640,0,102.34699,0
"D03","OSBS","000","025","2019-01-08",101.62322,101.36949,101.8095,0.01521,0.00133,8640,0,102.22971,0
"D03","OSBS","000","025","2019-01-09",101.36249,101.16947,101.51949,0.01085,0.00112,8640,0,101.97103,0
"D03","OSBS","000","025","2019-01-10",101.34846,101.23948,101.56949,0.00762,0.00094,8640,0,101.97274,0
"D03","OSBS","000","025","2019-01-11",101.6581,101.47949,101.84951,0.00857,0.001,8640,0,102.28257,0
"D03","OSBS","000","025","2019-01-12",101.74844,101.56949,101.91951,0.00772,0.00095,8640,0,102.36026,0
"D03","OSBS","000","025","2019-01-13",101.418,101.20948,101.6595,0.01664,0.00139,8640,0,102.01888,0
"D03","OSBS","000","025","2019-01-14",101.59495,101.33948,101.85951,0.01567,0.00135,8640,0,102.21009,0
"D03","OSBS","000","025","2019-01-15",101.71446,101.6395,101.88951,0.004,0.00068,8640,0,102.33838,0
"D03","OSBS","000","025","2019-01-16",101.82739,101.7395,102.02951,0.00562,0.00081,8640,0,102.45596,0
"D03","OSBS","000","025","2019-01-17",101.80769,101.48949,102.00952,0.01799,0.00144,8640,0,102.43269,0
"D03","OSBS","000","025","2019-01-18",101.51845,101.22948,101.7095,0.02205,0.0016,8640,0,102.12969,0
"D03","OSBS","000","025","2019-01-19",101.06594,100.43945,101.39949,0.08269,0.00309,8640,0,101.6683,0
"D03","OSBS","000","025","2019-01-20",100.44252,99.85942,101.19947,0.11538,0.00365,8640,0,101.04819,0
"D03","OSBS","000","025","2019-01-21",101.8737,101.19947,102.28953,0.08329,0.0031,8640,0,102.50746,0
"D03","OSBS","000","025","2019-01-22",102.33363,102.19952,102.50954,0.00645,0.00086,8640,0,102.95824,0
"D03","OSBS","000","025","2019-01-23",101.78286,101.02947,102.22953,0.13917,0.00401,8640,0,102.38864,0
"D03","OSBS","000","025","2019-01-24",100.64396,100.27944,101.02947,0.03069,0.00188,8640,0,101.23861,0
"D03","OSBS","000","025","2019-01-25",101.51627,100.95947,101.91951,0.06629,0.00277,8640,0,102.13996,0
"D03","OSBS","000","025","2019-01-26",101.79911,101.55949,101.96951,0.01314,0.00123,8640,0,102.42497,0
"D03","OSBS","000","025","2019-01-27",101.28838,100.77946,101.62949,0.06079,0.00265,8640,0,101.91301,0
"D03","OSBS","000","025","2019-01-28",101.01503,100.74946,101.29949,0.01998,0.00152,8640,0,101.63573,0
"D03","OSBS","000","025","2019-01-29",101.08168,100.86947,101.28948,0.0141,0.00128,8646,0,101.70305,0
"D03","OSBS","000","025","2019-01-30",101.52745,100.97947,101.89951,0.0862,0.00316,8619,0,102.15453,0
"D03","OSBS","000","025","2019-01-31",102.11159,101.89951,102.36953,0.01231,0.00119,8640,0,102.74593,0
"D03","OSBS","000","025","2019-02-01",101.88972,101.6395,102.10952,0.01623,0.00137,8640,0,102.50621,0
"D03","OSBS","000","025","2019-02-02",101.59616,101.28948,101.8095,0.02431,0.00168,8640,0,102.20223,0
"D03","OSBS","000","025","2019-02-03",101.14944,100.97947,101.36949,0.01469,0.0013,8640,0,101.75465,0
"D03","OSBS","000","025","2019-02-04",101.17522,101.01947,101.41949,0.0094,0.00104,8640,0,101.78028,0
"D03","OSBS","000","025","2019-02-05",101.31706,101.14948,101.5495,0.01132,0.00114,8640,0,101.92389,0
"D03","OSBS","000","025","2019-02-06",101.48979,101.29949,101.6795,0.00878,0.00101,8640,0,102.09147,0
"D03","OSBS","000","025","2019-02-07",101.53266,101.40949,101.6795,0.00486,0.00075,8640,0,102.13264,0
"D03","OSBS","000","025","2019-02-08",101.65955,101.46949,101.86951,0.00968,0.00111,7832,0,102.25827,1
"D03","OSBS","000","025","2019-02-09",102.21716,101.7195,102.49954,0.04362,0.00225,8640,0,102.82737,0
"D03","OSBS","000","025","2019-02-10",102.21144,101.88951,102.40954,0.02542,0.00172,8640,0,102.8199,0
"D03","OSBS","000","025","2019-02-11",101.57948,101.14948,101.97952,0.06194,0.00268,8640,0,102.17696,0
"D03","OSBS","000","025","2019-02-12",101.12411,100.82946,101.31948,0.02675,0.00184,7882,0,101.715,1
"D03","OSBS","000","025","2019-02-13",101.27451,100.80946,101.58949,0.03717,0.00207,8640,0,101.88314,0
"D03","OSBS","000","025","2019-02-14",101.42815,101.08947,101.6395,0.02816,0.00181,8640,0,102.04472,0
"D03","OSBS","000","025","2019-02-15",101.02488,100.65946,101.26948,0.02938,0.00184,8640,0,101.62943,0
"D03","OSBS","000","025","2019-02-16",100.60617,100.33944,100.80946,0.01701,0.0014,8640,0,101.20386,0
"D03","OSBS","000","025","2019-02-17",100.77454,100.51944,100.98947,0.01169,0.00116,8640,0,101.36384,0
"D03","OSBS","000","025","2019-02-18",101.12773,100.84946,101.51949,0.02793,0.0018,8640,0,101.71599,0
"D03","OSBS","000","025","2019-02-19",101.73304,101.50949,101.90951,0.01017,0.00108,8640,0,102.3339,0
"D03","OSBS","000","025","2019-02-20",101.41275,101.07947,101.6795,0.03275,0.00195,8640,0,102.00991,0
"D03","OSBS","000","025","2019-02-21",101.35274,101.18948,101.59949,0.01249,0.0012,8640,0,101.94088,0
"D03","OSBS","000","025","2019-02-22",101.47236,101.28948,101.6695,0.0098,0.00107,8640,0,102.06334,0
"D03","OSBS","000","025","2019-02-23",101.42466,101.12947,101.58949,0.02373,0.00166,8640,0,102.01179,0
"D03","OSBS","000","025","2019-02-24",101.18432,100.98947,101.31948,0.006,0.00083,8646,0,101.77154,0
"D03","OSBS","000","025","2019-02-25",101.86638,101.22948,102.24953,0.10484,0.00348,8640,0,102.4766,0
"D03","OSBS","000","025","2019-02-26",102.04892,101.7695,102.23952,0.02079,0.00155,8640,0,102.66071,0
"D03","OSBS","000","025","2019-02-27",101.52066,101.10947,101.89951,0.04698,0.00233,8640,0,102.12023,0
"D03","OSBS","000","025","2019-02-28",101.18442,101.06947,101.33948,0.00408,0.00069,8640,0,101.78047,0
"D03","OSBS","000","025","2019-03-01",101.30804,101.12947,101.50949,0.00573,0.00081,8640,0,101.90547,0
"D03","OSBS","000","025","2019-03-02",101.35545,101.19947,101.47949,0.00561,0.00081,8640,0,101.9545,0
"D03","OSBS","000","025","2019-03-03",100.98689,100.42944,101.32949,0.08159,0.00307,8640,0,101.57903,0
"D03","OSBS","000","025","2019-03-04",100.71182,100.44944,101.01947,0.02348,0.00165,8640,0,101.30584,0
"D03","OSBS","000","025","2019-03-05",101.24919,100.98947,101.51949,0.02252,0.00161,8640,0,101.86802,0
"D03","OSBS","000","025","2019-03-06",102.00118,101.45949,102.35953,0.05025,0.00241,8640,0,102.63071,0
"D03","OSBS","000","025","2019-03-07",102.12622,101.7795,102.35953,0.02473,0.00169,8640,0,102.75249,0
"D03","OSBS","000","025","2019-03-08",101.75353,101.38949,101.98951,0.03446,0.002,8640,0,102.3646,0
"D03","OSBS","000","025","2019-03-09",101.37919,101.11948,101.52949,0.01152,0.00115,8640,0,101.97935,0
"D03","OSBS","000","025","2019-03-10",101.4399,101.15948,101.6595,0.01106,0.00113,8640,0,102.03135,0
"D03","OSBS","000","025","2019-03-11",101.56131,101.35949,101.75951,0.01142,0.00115,8640,0,102.15437,0
"D03","OSBS","000","025","2019-03-12",101.57976,101.40949,101.75951,0.0096,0.00105,8640,0,102.1763,0
"D03","OSBS","000","025","2019-03-13",101.61191,101.44949,101.79951,0.00877,0.00101,8601,0,102.21465,0
"D03","OSBS","000","025","2019-03-14",101.49361,101.22948,101.6495,0.01628,0.00137,8640,0,102.08974,0
"D03","OSBS","000","025","2019-03-15",101.39373,101.12947,101.5495,0.01653,0.00138,8640,0,101.98711,0
"D03","OSBS","000","025","2019-03-16",101.40752,101.21948,101.5795,0.01018,0.00109,8640,0,102.00593,0
"D03","OSBS","000","025","2019-03-17",101.46577,101.29949,101.6695,0.0082,0.00097,8640,0,102.07669,0
"D03","OSBS","000","025","2019-03-18",101.47503,101.31948,101.6495,0.00641,0.00086,8640,0,102.08448,0
"D03","OSBS","000","025","2019-03-19",101.54366,101.36949,101.6595,0.00506,0.00077,8640,0,102.15463,0
"D03","OSBS","000","025","2019-03-20",101.4167,101.11948,101.6895,0.02693,0.00177,8640,0,102.02366,0
"D03","OSBS","000","025","2019-03-21",101.02193,100.58945,101.28948,0.04928,0.00239,8640,0,101.62901,0
"D03","OSBS","000","025","2019-03-22",101.07794,100.69945,101.28948,0.0167,0.00152,7250,0,101.68857,1
"D03","OSBS","000","025","2019-03-23",NA,NA,NA,NA,NA,0,1,NA,1
"D03","OSBS","000","025","2019-03-24",NA,NA,NA,NA,NA,0,1,NA,1
"D03","OSBS","000","025","2019-03-25",NA,NA,NA,NA,NA,0,1,NA,1
"D03","OSBS","000","025","2019-03-26",NA,NA,NA,NA,NA,0,1,NA,1
"D03","OSBS","000","025","2019-03-27",101.66406,101.59949,101.7795,0.00179,0.00078,2939,1,102.27034,1
"D03","OSBS","000","025","2019-03-28",101.84298,101.7095,102.05952,0.00788,0.00098,8269,0,102.45096,0
"D03","OSBS","000","025","2019-03-29",101.70211,101.39949,101.95951,0.02637,0.00175,8640,0,102.3067,0
"D03","OSBS","000","025","2019-03-30",101.32966,101.00947,101.52949,0.02443,0.00168,8640,0,101.92835,0
"D03","OSBS","000","025","2019-03-31",101.04393,100.81946,101.18948,0.01032,0.00109,8640,0,101.63747,0
"D03","OSBS","000","025","2019-04-01",101.30538,101.01947,101.55949,0.01755,0.00143,8640,0,101.91371,0
"D03","OSBS","000","025","2019-04-02",101.27879,101.03947,101.44949,0.00987,0.00107,8640,0,101.88639,0
"D03","OSBS","000","025","2019-04-03",101.8924,101.37948,102.20952,0.04141,0.00219,8640,0,102.50339,0
"D03","OSBS","000","025","2019-04-04",101.94376,101.56949,102.11952,0.02715,0.00177,8640,0,102.54907,0
"D03","OSBS","000","025","2019-04-05",101.38937,101.17948,101.6795,0.02323,0.00164,8640,0,101.98483,0
"D03","OSBS","000","025","2019-04-06",101.39765,101.19947,101.55949,0.00767,0.00094,8640,0,101.98915,0
"D03","OSBS","000","025","2019-04-07",101.50167,101.21948,101.7295,0.01911,0.00149,8640,0,102.09178,0
"D03","OSBS","000","025","2019-04-08",101.18962,100.71946,101.44949,0.04437,0.00227,8640,0,101.77735,0
"D03","OSBS","000","025","2019-04-09",100.4743,99.99943,100.88946,0.07697,0.00298,8640,0,101.05821,0
"D03","OSBS","000","025","2019-04-10",100.22677,100.08942,100.37944,0.00484,0.00075,8640,0,100.81324,0
"D03","OSBS","000","025","2019-04-11",100.53841,100.30944,100.72946,0.00791,0.0014,4014,1,101.13275,1
"D03","OSBS","000","025","2019-04-12",NA,NA,NA,NA,NA,0,1,NA,1
"D03","OSBS","000","025","2019-04-13",NA,NA,NA,NA,NA,0,1,NA,1
"D03","OSBS","000","025","2019-04-14",NA,NA,NA,NA,NA,0,1,NA,1
"D03","OSBS","000","025","2019-04-15",NA,NA,NA,NA,NA,0,1,NA,1
"D03","OSBS","000","025","2019-04-16",NA,NA,NA,NA,NA,0,1,NA,1
"D03","OSBS","000","025","2019-04-17",NA,NA,NA,NA,NA,0,1,NA,1
"D03","OSBS","000","025","2019-04-18",NA,NA,NA,NA,NA,0,1,NA,1
"D03","OSBS","000","025","2019-04-19",NA,NA,NA,NA,NA,0,1,NA,1
"D03","OSBS","000","025","2019-04-20",NA,NA,NA,NA,NA,0,1,NA,1
"D03","OSBS","000","025","2019-04-21",NA,NA,NA,NA,NA,0,1,NA,1
"D03","OSBS","000","025","2019-04-22",NA,NA,NA,NA,NA,0,1,NA,1
"D03","OSBS","000","025","2019-04-23",NA,NA,NA,NA,NA,0,1,NA,1
"D03","OSBS","000","025","2019-04-24",NA,NA,NA,NA,NA,0,1,NA,1
"D03","OSBS","000","025","2019-04-25",100.84233,100.66945,101.10947,0.01628,0.00227,3162,1,101.41966,1
"D03","OSBS","000","025","2019-04-26",100.58813,100.30944,100.83946,0.02471,0.00169,8640,0,101.17485,0
"D03","OSBS","000","025","2019-04-27",100.96785,100.53945,101.26948,0.02982,0.00186,8640,0,101.56121,0
"D03","OSBS","000","025","2019-04-28",101.1418,100.90947,101.35949,0.01025,0.00112,8231,0,101.73241,0
"D03","OSBS","000","025","2019-04-29",101.4593,101.13947,101.6595,0.01608,0.00136,8640,0,102.05057,0
"D03","OSBS","000","025","2019-04-30",101.6689,101.53949,101.79951,0.00777,0.00095,8640,0,102.25959,0
"D03","OSBS","000","025","2019-05-01",101.68766,101.53949,101.86951,0.00858,0.00102,8247,0,102.27632,0
"D03","OSBS","000","025","2019-05-02",101.38559,101.05947,101.6695,0.02954,0.00185,8640,0,101.97304,0
"D03","OSBS","000","025","2019-05-03",100.95208,100.73946,101.15948,0.01086,0.00112,8640,0,101.53689,0
"D03","OSBS","000","025","2019-05-04",100.82098,100.47945,100.98947,0.0181,0.00145,8640,0,101.40211,0
"D03","OSBS","000","025","2019-05-05",100.58999,100.39944,100.77946,0.00798,0.00096,8640,0,101.24144,1
"D03","OSBS","000","025","2019-05-06",100.79746,100.46945,101.00947,0.0211,0.00156,8640,0,NA,1
"D03","OSBS","000","025","2019-05-07",101.15324,100.93947,101.33948,0.01168,0.00116,8640,0,NA,1
"D03","OSBS","000","025","2019-05-08",101.19962,101.01947,101.33948,0.00763,0.00094,8640,0,NA,1
"D03","OSBS","000","025","2019-05-09",101.11149,100.87946,101.22948,0.00882,0.00101,8639,0,NA,1
"D03","OSBS","000","025","2019-05-10",101.10478,100.91946,101.30948,0.0107,0.00111,8639,0,NA,1
"D03","OSBS","000","025","2019-05-11",100.95906,100.59945,101.21948,0.03214,0.00193,8640,0,NA,1
"D03","OSBS","000","025","2019-05-12",100.65757,100.40945,100.82946,0.01434,0.00129,8640,0,NA,1
"D03","OSBS","000","025","2019-05-13",100.52872,100.35944,100.64946,0.00422,7e-04,8640,0,NA,1
"D03","OSBS","000","025","2019-05-14",100.71739,100.47945,100.93947,0.01404,0.00127,8640,0,NA,1
"D03","OSBS","000","025","2019-05-15",100.9002,100.76946,101.08947,0.00737,0.00095,8209,0,NA,1
"D03","OSBS","000","025","2019-05-16",101.07661,100.87946,101.24948,0.01116,0.00114,8640,0,101.66467,0
"D03","OSBS","000","025","2019-05-17",101.0849,100.87946,101.27948,0.0114,0.00115,8640,0,101.67004,0
"D03","OSBS","000","025","2019-05-18",101.08372,100.89947,101.26948,0.01099,0.00113,8640,0,101.66805,0
"D03","OSBS","000","025","2019-05-19",101.0974,100.91946,101.24948,0.00923,0.00103,8640,0,101.68355,0
"D03","OSBS","000","025","2019-05-20",101.05149,100.77946,101.21948,0.01831,0.00146,8640,0,101.63243,0
"D03","OSBS","000","025","2019-05-21",100.83999,100.64946,100.98947,0.00891,0.00102,8640,0,101.41677,0
"D03","OSBS","000","025","2019-05-22",101.15838,100.74946,101.40949,0.02601,0.00173,8640,0,101.73812,0
"D03","OSBS","000","025","2019-05-23",101.58958,101.40949,101.7395,0.00559,8e-04,8638,0,102.17488,0
"D03","OSBS","000","025","2019-05-24",101.48961,101.26948,101.62949,0.01122,0.00114,8640,0,102.07554,0
"D03","OSBS","000","025","2019-05-25",101.39089,101.25948,101.5795,0.00677,0.00089,8640,0,101.97303,0
"D03","OSBS","000","025","2019-05-26",101.41033,101.13947,101.6495,0.01947,0.0015,8640,0,101.99051,0
"D03","OSBS","000","025","2019-05-27",101.14465,100.76946,101.32949,0.03102,0.00189,8640,0,101.72034,0
"D03","OSBS","000","025","2019-05-28",100.88531,100.61946,101.01947,0.01123,0.00114,8640,0,101.46148,0
"D03","OSBS","000","025","2019-05-29",100.83753,100.59945,101.00947,0.01338,0.00124,8640,0,101.41489,0
"D03","OSBS","000","025","2019-05-30",100.87294,100.64946,101.06947,0.01569,0.00135,8640,0,101.44923,0
"D03","OSBS","000","025","2019-05-31",100.86298,100.59945,101.06947,0.01449,0.0013,8640,0,101.44021,0
"D03","OSBS","000","025","2019-06-01",100.67622,100.47945,100.80946,0.0106,0.00111,8640,0,101.25085,0
"D03","OSBS","000","025","2019-06-02",100.60678,100.42944,100.72946,0.00618,0.00085,8640,0,101.18011,0
"D03","OSBS","000","025","2019-06-03",100.74298,100.53945,100.94946,0.01138,0.00115,8640,0,101.31626,0
"D03","OSBS","000","025","2019-06-04",101.00453,100.73946,101.15948,0.00884,0.00101,8639,0,101.57987,0
"D03","OSBS","000","025","2019-06-05",101.06636,100.76946,101.22948,0.01621,0.00137,8640,0,101.6456,0
"D03","OSBS","000","025","2019-06-06",100.79964,100.61946,100.99947,0.01018,0.00109,8640,0,101.37659,0
"D03","OSBS","000","025","2019-06-07",100.56535,100.34944,100.70946,0.00758,0.00094,8640,0,101.14245,0
"D03","OSBS","000","025","2019-06-08",100.55682,100.43945,100.70946,0.00336,0.00062,8640,0,101.13538,0
"D03","OSBS","000","025","2019-06-09",100.78234,100.53945,100.99947,0.01221,0.00119,8640,0,101.36632,0
"D03","OSBS","000","025","2019-06-10",100.88683,100.78946,101.04947,0.00422,7e-04,8640,0,101.47021,0
"D03","OSBS","000","025","2019-06-11",100.89994,100.70946,101.04947,0.00807,0.00097,8640,0,101.47982,0
"D03","OSBS","000","025","2019-06-12",100.8469,100.64946,101.03947,0.00602,0.00083,8640,0,101.42827,0
"D03","OSBS","000","025","2019-06-13",101.00047,100.83946,101.16947,0.00658,0.00087,8592,0,101.58639,0
"D03","OSBS","000","025","2019-06-14",101.30974,101.02947,101.47949,0.01008,0.00108,8640,0,101.89384,0
"D03","OSBS","000","025","2019-06-15",101.38143,101.13947,101.5495,0.01295,0.00122,8640,0,NA,1
"D03","OSBS","000","025","2019-06-16",101.18653,100.98947,101.37948,0.0112,0.00114,8640,0,NA,1
"D03","OSBS","000","025","2019-06-17",101.173,101.07947,101.27948,0.00255,0.00054,8640,0,NA,1
"D03","OSBS","000","025","2019-06-18",101.04184,100.84946,101.18948,0.0086,0.001,8640,0,NA,1
"D03","OSBS","000","025","2019-06-19",100.911,100.79946,101.03947,0.00349,0.00064,8640,0,NA,1
"D03","OSBS","000","025","2019-06-20",100.87964,100.74946,101.05947,0.00536,0.00079,8640,0,NA,1
"D03","OSBS","000","025","2019-06-21",101.10376,100.81946,101.25948,0.00895,0.00102,8640,0,NA,1
"D03","OSBS","000","025","2019-06-22",101.28439,101.11948,101.44949,0.00805,0.00097,8640,0,NA,1
"D03","OSBS","000","025","2019-06-23",101.22175,100.98947,101.38949,0.01639,0.00138,8640,0,NA,1
"D03","OSBS","000","025","2019-06-24",101.05252,100.89947,101.17948,0.00567,0.00081,8640,0,101.62682,0
"D03","OSBS","000","025","2019-06-25",101.09547,100.93947,101.24948,0.00868,0.001,8640,0,101.66916,0
"D03","OSBS","000","025","2019-06-26",101.28073,101.01947,101.44949,0.01033,0.00109,8640,0,101.85581,0
"D03","OSBS","000","025","2019-06-27",101.36156,101.21948,101.47949,0.00497,0.00076,8640,0,101.94122,0
"D03","OSBS","000","025","2019-06-28",101.34881,101.17948,101.48949,0.00572,0.00081,8640,0,101.9295,0
"D03","OSBS","000","025","2019-06-29",101.38268,101.26948,101.50949,0.00352,0.00064,8640,0,101.96516,0
"D03","OSBS","000","025","2019-06-30",101.23583,100.89947,101.43949,0.02225,0.0016,8640,0,101.81617,0
"D03","OSBS","000","025","2019-07-01",101.08622,100.86947,101.18948,0.00764,0.00094,8640,0,101.66333,0
"D03","OSBS","000","025","2019-07-02",100.95119,100.69945,101.08947,0.01097,0.00113,8640,0,101.52488,0
"D03","OSBS","000","025","2019-07-03",100.83468,100.62945,100.96947,0.00694,0.00092,8208,0,101.40873,1
"D03","OSBS","000","025","2019-07-04",100.94642,100.79946,101.09947,0.00716,0.00091,8640,0,101.52194,0
"D03","OSBS","000","025","2019-07-05",101.249,101.09947,101.47949,0.00861,0.00102,8212,0,101.83042,1
"D03","OSBS","000","025","2019-07-06",101.28699,101.15948,101.42949,0.00507,0.00077,8640,0,101.87,0
"D03","OSBS","000","025","2019-07-07",101.03545,100.75946,101.21948,0.01398,0.00127,8640,0,101.61551,1
"D03","OSBS","000","025","2019-07-08",100.70305,100.45944,100.85946,0.01311,0.00123,8640,0,NA,1
"D03","OSBS","000","025","2019-07-09",100.73326,100.60945,100.85946,0.00454,0.00072,8640,0,NA,1
"D03","OSBS","000","025","2019-07-10",100.90933,100.74946,101.03947,0.00442,0.00072,8640,0,NA,1
"D03","OSBS","000","025","2019-07-11",100.93491,100.71946,101.06947,0.00767,0.00094,8640,0,NA,1
"D03","OSBS","000","025","2019-07-12",100.93253,100.81946,101.15948,0.0049,0.00075,8640,0,NA,1
"D03","OSBS","000","025","2019-07-13",101.26213,101.01947,101.49949,0.01886,0.00148,8640,0,NA,1
"D03","OSBS","000","025","2019-07-14",101.43713,101.23948,101.6095,0.00928,0.00104,8640,0,NA,1
"D03","OSBS","000","025","2019-07-15",101.35618,101.20948,101.45949,0.00421,7e-04,8640,0,101.88324,1
"D03","OSBS","000","025","2019-07-16",101.38269,101.22948,101.53949,0.00617,0.00084,8640,0,101.96061,0
"D03","OSBS","000","025","2019-07-17",101.38944,101.18948,101.56949,0.00413,0.00069,8640,0,101.96964,0
"D03","OSBS","000","025","2019-07-18",101.30422,101.08947,101.41949,0.00885,0.00101,8611,0,101.88518,0
"D03","OSBS","000","025","2019-07-19",101.27953,101.10947,101.42949,0.00619,0.00085,8640,0,101.85887,0
"D03","OSBS","000","025","2019-07-20",101.26098,100.99947,101.41949,0.00963,0.00106,8640,0,101.84146,0
"D03","OSBS","000","025","2019-07-21",101.22384,101.02947,101.29949,0.00305,0.00059,8640,0,101.80538,0
"D03","OSBS","000","025","2019-07-22",101.1184,100.86947,101.29949,0.01274,0.00121,8640,0,101.69972,0
"D03","OSBS","000","025","2019-07-23",100.84081,100.56945,101.09947,0.01936,0.0015,8640,0,101.41899,0
"D03","OSBS","000","025","2019-07-24",100.75584,100.60945,100.94946,0.00608,0.00084,8631,0,101.33692,0
"D03","OSBS","000","025","2019-07-25",101.0707,100.73946,101.27948,0.01934,0.0015,8640,0,101.65557,0
"D03","OSBS","000","025","2019-07-26",101.38321,101.21948,101.55949,0.00937,0.00104,8640,0,101.96922,0
"D03","OSBS","000","025","2019-07-27",101.5372,101.38949,101.6795,0.00718,0.00091,8640,0,102.12158,0
"D03","OSBS","000","025","2019-07-28",101.45585,101.24948,101.58949,0.00751,0.00093,8640,0,102.03927,0
"D03","OSBS","000","025","2019-07-29",101.1942,100.95947,101.36949,0.01125,0.00114,8640,0,101.77576,0
"D03","OSBS","000","025","2019-07-30",101.10151,100.94946,101.23948,0.00601,0.00083,8640,0,101.68037,0
"D03","OSBS","000","025","2019-07-31",101.15829,100.99947,101.28948,0.00425,7e-04,8640,0,101.73658,0
"D03","OSBS","000","025","2019-08-01",101.19097,100.99947,101.30948,0.00397,0.00068,8640,0,101.77415,0
"D03","OSBS","000","025","2019-08-02",100.97192,100.75946,101.13947,0.00812,0.00097,8640,0,101.55341,0
"D03","OSBS","000","025","2019-08-03",100.80915,100.62945,100.94946,0.00761,0.00094,8640,0,101.38701,0
"D03","OSBS","000","025","2019-08-04",100.86928,100.71946,101.04947,0.00819,0.00097,8640,0,101.44375,0
"D03","OSBS","000","025","2019-08-05",100.9229,100.74946,101.08947,0.00638,0.00086,8640,0,101.49914,0
"D03","OSBS","000","025","2019-08-06",100.91833,100.73946,101.01947,0.00657,0.00087,8640,0,101.49522,0
"D03","OSBS","000","025","2019-08-07",100.88032,100.70946,101.04947,0.00633,0.00086,8640,0,101.46004,0
"D03","OSBS","000","025","2019-08-08",100.87058,100.72946,100.99947,0.00469,0.00074,8640,0,101.44668,0
"D03","OSBS","000","025","2019-08-09",100.83049,100.66945,100.98947,0.008,0.00096,8640,0,101.40446,0
"D03","OSBS","000","025","2019-08-10",100.79758,100.55945,100.96947,0.01126,0.00114,8640,0,101.36901,0
"D03","OSBS","000","025","2019-08-11",100.8103,100.60945,100.97947,0.0112,0.00114,8640,0,101.38304,0
"D03","OSBS","000","025","2019-08-12",100.7751,100.57945,101.00947,0.01138,0.00115,8640,0,101.35067,0
"D03","OSBS","000","025","2019-08-13",100.70458,100.51944,100.84946,0.00899,0.00104,8264,0,101.27831,1
"D03","OSBS","000","025","2019-08-14",100.74067,100.56945,100.84946,0.00515,0.00077,8640,0,101.31404,0
"D03","OSBS","000","025","2019-08-15",100.84739,100.67945,100.97947,0.00412,0.00069,8640,0,101.42601,0
"D03","OSBS","000","025","2019-08-16",100.96934,100.82946,101.10947,0.00427,7e-04,8640,0,101.55151,0
"D03","OSBS","000","025","2019-08-17",101.12292,100.93947,101.32949,0.01028,0.00109,8640,0,101.70845,0
"D03","OSBS","000","025","2019-08-18",101.27727,101.14948,101.48949,0.00484,0.00075,8640,0,101.86224,0
"D03","OSBS","000","025","2019-08-19",101.27078,101.08947,101.40949,0.00702,9e-04,8640,0,101.85301,0
"D03","OSBS","000","025","2019-08-20",101.34536,101.15948,101.47949,0.0062,0.00085,8640,0,101.9265,0
"D03","OSBS","000","025","2019-08-21",101.31729,101.13947,101.45949,0.00782,0.00095,8640,0,101.89748,0
"D03","OSBS","000","025","2019-08-22",101.20614,100.95947,101.37948,0.01384,0.00127,8640,0,101.78404,0
"D03","OSBS","000","025","2019-08-23",101.07163,100.83946,101.22948,0.01188,0.00117,8640,0,101.64856,0
"D03","OSBS","000","025","2019-08-24",100.91292,100.69945,101.06947,0.01096,0.00113,8640,0,101.48863,0
"D03","OSBS","000","025","2019-08-25",100.88265,100.72946,101.02947,0.00748,0.00093,8640,0,101.45994,0
"D03","OSBS","000","025","2019-08-26",100.9279,100.67945,101.06947,0.00929,0.00104,8640,0,101.50635,0
"D03","OSBS","000","025","2019-08-27",100.91691,100.72946,101.05947,0.00974,0.00106,8640,0,101.51995,1
"D03","OSBS","000","025","2019-08-28",100.73628,100.54945,100.91946,0.01047,0.0011,8640,0,NA,1
"D03","OSBS","000","025","2019-08-29",100.78332,100.57945,100.96947,0.00833,0.00098,8640,0,NA,1
"D03","OSBS","000","025","2019-08-30",100.95123,100.82946,101.06947,0.00448,0.00072,8640,0,NA,1
"D03","OSBS","000","025","2019-08-31",101.02708,100.84946,101.12947,0.00462,0.00073,8640,0,NA,1
"D03","OSBS","000","025","2019-09-01",100.96236,100.79946,101.08947,0.00691,0.00089,8640,0,NA,1
"D03","OSBS","000","025","2019-09-02",100.66462,100.46945,100.91946,0.0164,0.00138,8640,0,NA,1
"D03","OSBS","000","025","2019-09-03",100.47601,100.31944,100.63945,0.00698,9e-04,8640,0,NA,1
"D03","OSBS","000","025","2019-09-04",100.15862,99.99943,100.40945,0.01074,0.00112,8640,0,NA,1
"D03","OSBS","000","025","2019-09-05",100.43089,100.19943,100.63945,0.01416,0.00128,8640,0,NA,1
"D03","OSBS","000","025","2019-09-06",100.5639,100.46945,100.69945,0.00396,0.00068,8640,0,NA,1
"D03","OSBS","000","025","2019-09-07",100.70899,100.57945,100.87946,0.00656,0.00087,8640,0,101.28494,0
"D03","OSBS","000","025","2019-09-08",100.94164,100.67945,101.11948,0.01171,0.00116,8640,0,101.51767,0
"D03","OSBS","000","025","2019-09-09",101.26581,100.97947,101.50949,0.01775,0.00143,8640,0,101.84286,0
"D03","OSBS","000","025","2019-09-10",101.55864,101.32949,101.79951,0.01389,0.00127,8640,0,102.1387,0
"D03","OSBS","000","025","2019-09-11",101.53391,101.26948,101.6795,0.01727,0.00143,8413,0,102.11598,1
"D03","OSBS","000","025","2019-09-12",101.22395,101.04947,101.35949,0.00754,0.00093,8633,0,101.8041,0
"D03","OSBS","000","025","2019-09-13",101.19777,101.06947,101.34948,0.00493,0.00076,8640,0,101.77794,0
"D03","OSBS","000","025","2019-09-14",101.19262,101.00947,101.34948,0.00826,0.00098,8640,0,101.7725,0
"D03","OSBS","000","025","2019-09-15",100.95459,100.77946,101.16947,0.00987,0.00107,8640,0,101.5335,0
"D03","OSBS","000","025","2019-09-16",100.8849,100.74946,101.04947,0.00623,0.00085,8640,0,101.46217,0
"D03","OSBS","000","025","2019-09-17",100.81972,100.70946,100.96947,0.00547,8e-04,8632,0,101.39776,0
"D03","OSBS","000","025","2019-09-18",100.91912,100.77946,101.02947,0.00391,0.00067,8640,0,101.49979,0
"D03","OSBS","000","025","2019-09-19",101.17642,100.99947,101.30948,0.0055,8e-04,8640,0,101.76132,0
"D03","OSBS","000","025","2019-09-20",101.42538,101.26948,101.58949,0.00836,0.00098,8640,0,102.01301,0
"D03","OSBS","000","025","2019-09-21",101.59708,101.44949,101.7495,0.00568,0.00081,8640,0,102.18506,0
"D03","OSBS","000","025","2019-09-22",101.45445,101.25948,101.59949,0.0098,0.00107,8640,0,102.04177,0
"D03","OSBS","000","025","2019-09-23",101.20441,100.91946,101.41949,0.02122,0.00157,8640,0,101.79019,0
"D03","OSBS","000","025","2019-09-24",100.7839,100.47945,101.01947,0.03006,0.00187,8640,0,101.36742,0
"D03","OSBS","000","025","2019-09-25",100.64752,100.47945,100.86947,0.01348,0.00125,8640,0,101.22517,0
"D03","OSBS","000","025","2019-09-26",100.70923,100.51944,100.92947,0.01306,0.00123,8640,0,101.28545,0
"D03","OSBS","000","025","2019-09-27",100.87158,100.61946,101.10947,0.01625,0.00137,8640,0,101.44864,0
"D03","OSBS","000","025","2019-09-28",101.23438,100.96947,101.46949,0.01746,0.00142,8640,0,101.81807,0
"D03","OSBS","000","025","2019-09-29",101.41829,101.28948,101.6395,0.00975,0.00106,8640,0,102.00334,0
"D03","OSBS","000","025","2019-09-30",101.32351,101.10947,101.48949,0.01299,0.00123,8640,0,101.90477,0
