"domainID","siteID","horizontalPosition","verticalPosition","date","wssRHMean","wssRHMinimum","wssRHMaximum","wssRHVariance","wssRHStdErMean","wssRHNumPts","RHQF","wssDewTempMean","wssDewTempMinimum","wssDewTempMaximum","wssDewTempVariance","wssDewTempStdErMean","wssDewTempNumPts","dewTempQF"
"D03","OSBS","000","060","2018-01-01",88.15,56.78,98.64,111.31,0.04,78272,1,3.889,-6.444,8.466,13.444,0.013,78272,1
"D03","OSBS","000","060","2018-01-02",63.18,50.48,77.13,76.75,0.03,78888,1,-4.853,-7.465,-0.041,6.911,0.009,78888,1
"D03","OSBS","000","060","2018-01-03",87.65,71.44,99.75,104.48,0.04,78532,1,-0.419,-3.197,3.141,2.515,0.006,78532,1
"D03","OSBS","000","060","2018-01-04",55.26,26.35,96.93,471.55,0.08,78902,1,-6.768,-11.34,-0.988,8.513,0.01,78902,1
"D03","OSBS","000","060","2018-01-05",42.34,22.02,60.01,125.35,0.04,78864,1,-8.722,-12.534,-3.943,6.09,0.009,78864,1
"D03","OSBS","000","060","2018-01-06",42.64,29.82,74.36,118.36,0.04,78889,1,-6.612,-11.083,-1.757,3.436,0.007,78889,1
"D03","OSBS","000","060","2018-01-07",68.95,44.59,81.77,56.92,0.03,78445,1,0.586,-4.081,5.767,11.589,0.012,78445,1
"D03","OSBS","000","060","2018-01-08",87.25,68.44,98.53,76.12,0.03,78229,1,7.637,3.669,14.718,18.798,0.016,78229,1
"D03","OSBS","000","060","2018-01-09",87.42,56.84,100.54,179.42,0.06,50569,1,14.92,13.66,17.593,1.407,0.004,78306,1
"D03","OSBS","000","060","2018-01-10",97.94,90.86,100.13,4.51,0.01,78227,1,17.518,16.615,19.379,0.874,0.003,78227,1
"D03","OSBS","000","060","2018-01-11",90.88,70.47,100.55,97.67,0.04,56930,1,18.294,17.569,19.976,0.264,0.002,78099,1
"D03","OSBS","000","060","2018-01-12",93.62,83.07,100,26.15,0.02,78157,1,17.92,16.253,19.326,0.416,0.002,78157,1
"D03","OSBS","000","060","2018-01-13",83.64,58.27,96.85,116.29,0.04,78143,1,7.963,0.023,16.257,24.811,0.018,78143,1
"D03","OSBS","000","060","2018-01-14",70.16,46.13,86.19,163.55,0.05,78558,1,-0.609,-2.725,1.767,1.142,0.004,78558,1
"D03","OSBS","000","060","2018-01-15",70.43,41.39,91.74,273.27,0.06,78311,1,0.486,-1.323,2.381,0.519,0.003,78311,1
"D03","OSBS","000","060","2018-01-16",72.38,47.16,90.54,147.53,0.04,78420,1,3.453,-0.992,8.637,11.011,0.012,78420,1
"D03","OSBS","000","060","2018-01-17",78.96,41,97.59,209.39,0.05,78263,1,5.253,-2.674,8.677,7.81,0.01,78263,1
"D03","OSBS","000","060","2018-01-18",43.12,20.98,62.85,187.09,0.05,78920,1,-9.977,-12.319,-1.838,3.379,0.007,78920,1
"D03","OSBS","000","060","2018-01-19",36.37,10.02,79.64,307.99,0.06,78852,1,-7.311,-15.552,-0.998,6.413,0.009,78852,1
"D03","OSBS","000","060","2018-01-20",44.51,17.49,83.97,156.35,0.04,78541,1,-1.056,-9.144,3.746,9.652,0.011,78541,1
"D03","OSBS","000","060","2018-01-21",56.08,41.34,69.6,32.74,0.02,78109,1,5.615,-1.001,13.723,19.894,0.016,78109,1
"D03","OSBS","000","060","2018-01-22",80.39,52.86,100.6,288.69,0.06,78190,1,13.266,9.497,18.145,5.892,0.009,78190,1
"D03","OSBS","000","060","2018-01-23",86.67,67.68,99.57,96.51,0.04,75319,1,17.391,14.621,18.261,0.51,0.003,78214,1
"D03","OSBS","000","060","2018-01-24",56.6,34.07,76.85,150.55,0.04,78059,1,3.673,-0.138,14.684,11.967,0.012,78059,1
"D03","OSBS","000","060","2018-01-25",46.53,37.03,67.4,30.57,0.02,78486,1,-0.074,-4.035,3.883,6.746,0.009,78486,1
"D03","OSBS","000","060","2018-01-26",75.99,43.63,90.55,184.06,0.05,78163,1,7.376,3.71,11.852,6.906,0.009,78163,1
"D03","OSBS","000","060","2018-01-27",75.65,50.36,91.23,178.82,0.05,77973,1,12.398,11.058,14.176,0.698,0.003,77973,1
"D03","OSBS","000","060","2018-01-28",84.85,64.37,99.49,106.59,0.04,78263,1,15.908,13.087,18.94,2.641,0.006,78263,1
"D03","OSBS","000","060","2018-01-29",92.9,75.61,100.01,59.54,0.03,63972,1,16.111,11.34,19.114,6.615,0.009,78422,1
"D03","OSBS","000","060","2018-01-30",51.32,28.88,85.38,198.76,0.05,78526,1,0.65,-4.753,11.747,20.17,0.016,78526,1
"D03","OSBS","000","060","2018-01-31",63.35,47.36,81.11,72.85,0.03,78330,1,1.887,-2.139,6.946,7.873,0.01,78330,1
"D03","OSBS","000","060","2018-02-01",72.67,43.52,94.21,335.92,0.07,78024,1,8.003,6.646,10.317,1.092,0.004,78024,1
"D03","OSBS","000","060","2018-02-02",63.58,33.92,79.46,168.6,0.05,78041,1,8.616,-0.91,13.496,10.951,0.012,78041,1
"D03","OSBS","000","060","2018-02-03",54.68,31.11,74.65,180.02,0.05,78387,1,1.404,-5.824,8.625,28.662,0.019,78387,1
"D03","OSBS","000","060","2018-02-04",86.81,73.79,97.78,41.15,0.02,78200,1,12.886,7.886,17.83,13.33,0.013,78200,1
"D03","OSBS","000","060","2018-02-05",77.04,36.65,98.86,515.63,0.08,78218,1,11.555,4.801,17.755,20.691,0.016,78218,1
"D03","OSBS","000","060","2018-02-06",77.01,47.63,92.33,171.97,0.05,77997,1,10.91,7.075,15.58,7.928,0.01,77997,1
"D03","OSBS","000","060","2018-02-07",84.34,57.95,99.02,197.71,0.05,78246,1,16.326,14.418,18.305,1.015,0.004,78246,1
"D03","OSBS","000","060","2018-02-08",90.41,77.44,100.3,59.25,0.03,57238,1,16.965,12.056,18.737,2.48,0.006,78289,1
"D03","OSBS","000","060","2018-02-09",79.52,57.97,92.08,95.5,0.03,78075,1,13.595,10.395,19.102,8.235,0.01,78075,1
"D03","OSBS","000","060","2018-02-10",82.77,46.66,100,354.05,0.07,74736,1,18.109,14.786,20.013,1.591,0.005,78195,1
"D03","OSBS","000","060","2018-02-11",79.09,51.95,99.7,248.95,0.06,74248,1,18.303,16.629,19.652,0.367,0.002,78066,1
"D03","OSBS","000","060","2018-02-12",88.17,61.1,99.69,118.54,0.04,76459,1,19.121,17.573,21.144,1.094,0.004,76459,1
"D03","OSBS","000","060","2018-02-13",97.15,88.97,99.63,5.55,0.01,74624,1,17.312,12.622,20.61,3.637,0.007,78167,1
"D03","OSBS","000","060","2018-02-14",94.69,78,100.51,51.77,0.03,58095,1,12.958,11.671,15.722,1.564,0.004,78315,1
"D03","OSBS","000","060","2018-02-15",84.08,52.77,100.38,306.52,0.07,67247,1,14.845,12.581,18.202,2.687,0.006,78258,1
"D03","OSBS","000","060","2018-02-16",77.43,49.36,100.14,287.48,0.07,65381,1,16.07,14.068,17.291,0.636,0.003,78278,1
"D03","OSBS","000","060","2018-02-17",79.01,48.67,99.46,311.33,0.06,74599,1,16.55,13.912,17.959,1.215,0.004,78033,1
"D03","OSBS","000","060","2018-02-18",79.18,44.97,100.01,326.88,0.07,70902,1,16.986,13.904,17.979,0.575,0.003,77987,1
"D03","OSBS","000","060","2018-02-19",74.54,42.53,100.43,436.23,0.09,55144,1,16.949,12.92,19.809,1.887,0.005,78128,1
"D03","OSBS","000","060","2018-02-20",81.19,52.54,99.21,263.08,0.06,77958,1,18.562,16.65,20.046,0.585,0.003,77958,1
"D03","OSBS","000","060","2018-02-21",79.73,48.84,98.9,303.79,0.06,78119,1,19.186,16.104,20.624,1.8,0.005,78119,1
"D03","OSBS","000","060","2018-02-22",78.83,45.25,99.22,308.64,0.06,77306,1,17.849,14.752,19.307,1.499,0.004,77306,1
"D03","OSBS","000","060","2018-02-23",82.28,43.35,100.39,369.22,0.07,78224,1,17.935,14.829,20.255,0.871,0.003,78224,1
"D03","OSBS","000","060","2018-02-24",78.34,43.28,100.22,440.41,0.08,78094,1,17.239,14.17,20.01,1.873,0.005,78094,1
"D03","OSBS","000","060","2018-02-25",70.63,41.16,92.96,255.39,0.06,78105,1,17.1,13.744,19.063,1.377,0.004,78105,1
"D03","OSBS","000","060","2018-02-26",74.74,47.54,98.16,250.01,0.06,78239,1,17.745,15.166,20.223,1.106,0.004,78239,1
"D03","OSBS","000","060","2018-02-27",84.12,60.66,96.84,114.95,0.04,78102,1,15.578,13.114,19.584,4.144,0.007,78102,1
"D03","OSBS","000","060","2018-02-28",79.17,49.09,98.14,341.67,0.07,78105,1,14.267,12.706,16.802,1.339,0.004,78105,1
"D03","OSBS","000","060","2018-03-01",76.39,52.63,93.34,160.03,0.05,75684,1,17.63,16.146,19.723,0.552,0.003,75684,1
"D03","OSBS","000","060","2018-03-02",59.39,15.12,93.34,727.82,0.1,78133,1,9.926,-3.913,20.387,57.315,0.027,78133,1
"D03","OSBS","000","060","2018-03-03",32.89,16.25,49.5,97.88,0.04,78649,1,-1.818,-6.279,2.886,4.922,0.008,78649,1
"D03","OSBS","000","060","2018-03-04",36.91,18.68,60.4,118.43,0.04,78614,1,-1.481,-6.701,2.052,3.178,0.006,78614,1
"D03","OSBS","000","060","2018-03-05",48.99,18.92,83.44,434.35,0.07,78269,1,1.433,-4.476,7.247,7.496,0.01,78269,1
"D03","OSBS","000","060","2018-03-06",65.53,27.74,96.28,377.45,0.07,78135,1,8.736,0.603,13.533,4.178,0.007,78135,1
"D03","OSBS","000","060","2018-03-07",53.85,17.16,97.64,758.96,0.1,78418,1,6.14,-6.024,17.459,75.322,0.031,78418,1
"D03","OSBS","000","060","2018-03-08",44.07,22,66.24,180,0.05,78599,1,-1.899,-6.743,1.556,5.078,0.008,78599,1
"D03","OSBS","000","060","2018-03-09",39.26,14.44,65.85,253.98,0.06,78624,1,-3.462,-10.034,1.539,6.366,0.009,78624,1
"D03","OSBS","000","060","2018-03-10",47.67,18.51,70.43,133.37,0.04,78304,1,2.7,-6.34,7.192,7.042,0.009,78304,1
"D03","OSBS","000","060","2018-03-11",63.86,44.14,90.67,188.83,0.05,77935,1,11.61,6.211,16.391,5.994,0.009,77935,1
"D03","OSBS","000","060","2018-03-12",74.46,36.64,96.89,409.91,0.07,78231,1,12.244,1.062,18.542,35.542,0.021,78231,1
"D03","OSBS","000","060","2018-03-13",52.86,24.81,77.08,251.11,0.06,78476,1,-0.086,-3.263,2.821,2.537,0.006,78476,1
"D03","OSBS","000","060","2018-03-14",46.44,16.23,77.33,419.87,0.07,78513,1,-1.139,-8.699,5.335,18.185,0.015,78513,1
"D03","OSBS","000","060","2018-03-15",32.23,14.26,56.35,134.08,0.04,78719,1,-4.506,-7.867,-1.043,2.63,0.006,78719,1
"D03","OSBS","000","060","2018-03-16",52.88,24.01,90.68,454.59,0.08,78244,1,3.136,-2.042,8.6,6.261,0.009,78244,1
"D03","OSBS","000","060","2018-03-17",62.24,8.62,99.63,869.22,0.11,78092,1,8.366,-10.675,13.397,10.968,0.012,78090,1
"D03","OSBS","000","060","2018-03-18",72.39,35.33,99.61,380.76,0.07,78247,1,13.941,7.065,17.881,8.689,0.011,78247,1
"D03","OSBS","000","060","2018-03-19",90.45,62.38,99.47,103.25,0.04,78272,1,17.535,15.843,19.055,0.855,0.003,78272,1
"D03","OSBS","000","060","2018-03-20",84.77,41.84,99.64,231.11,0.05,78100,1,17.711,9.106,21.362,8.943,0.011,78100,1
"D03","OSBS","000","060","2018-03-21",53.3,26.76,87.18,322.6,0.06,78140,1,4.618,-1.96,12.938,23.77,0.017,78140,1
"D03","OSBS","000","060","2018-03-22",39.98,18.07,60.32,156.06,0.04,78642,1,-1.967,-6.703,0.819,4.164,0.007,78642,1
"D03","OSBS","000","060","2018-03-23",37.91,22.17,66.31,167.71,0.05,78673,1,-1.702,-4.738,1.256,2.086,0.005,78673,1
"D03","OSBS","000","060","2018-03-24",44.86,22.6,76.93,319.47,0.06,78103,1,3.895,-0.875,7.707,4.453,0.008,78103,1
"D03","OSBS","000","060","2018-03-25",67.32,30.57,97.31,294.99,0.06,78149,1,12.04,2.79,17.109,17.818,0.015,78149,1
"D03","OSBS","000","060","2018-03-26",93.74,71.72,98.47,20.29,0.02,78387,1,13.728,13.112,17.121,0.356,0.002,78387,1
"D03","OSBS","000","060","2018-03-27",76.54,44.53,100.4,521.2,0.09,64609,1,13.519,10.571,15.743,1.733,0.005,78235,1
"D03","OSBS","000","060","2018-03-28",63.48,37.89,90.78,277.83,0.06,77949,1,12.054,11.152,13.553,0.251,0.002,77949,1
"D03","OSBS","000","060","2018-03-29",68.78,42.77,94.95,298.2,0.06,78051,1,14.04,13.01,15.201,0.268,0.002,78051,1
"D03","OSBS","000","060","2018-03-30",83.04,51.58,98.37,176.99,0.05,78385,1,16.638,14.278,19.739,1.342,0.004,78385,1
"D03","OSBS","000","060","2018-03-31",79.41,51.03,97.82,178.4,0.05,78131,1,13.503,9.472,16.885,4.41,0.008,78131,1
"D03","OSBS","000","060","2018-04-01",86.08,53.7,100.13,211.57,0.05,78253,1,14.898,13.21,17.427,1.351,0.004,78253,1
"D03","OSBS","000","060","2018-04-02",77.18,38.46,99.71,483.93,0.08,78313,1,16.137,12.867,19.198,1.223,0.004,78313,1
"D03","OSBS","000","060","2018-04-03",71.81,37.47,93.09,303.39,0.06,78118,1,17.091,13.088,19.383,1.704,0.005,78118,1
"D03","OSBS","000","060","2018-04-04",79.96,43.47,96.16,190.22,0.05,78267,1,17.718,14.151,19.845,0.971,0.004,78267,1
"D03","OSBS","000","060","2018-04-05",61.31,36.85,91.06,190.8,0.05,78054,1,9.331,1.405,17.133,21.831,0.017,78054,1
"D03","OSBS","000","060","2018-04-06",68.25,28.84,96.79,662.09,0.09,78151,1,11.904,7.779,15.357,2.47,0.006,78151,1
"D03","OSBS","000","060","2018-04-07",77.58,49.86,97.05,170.33,0.05,78136,1,16.879,15.096,19.777,1.274,0.004,78136,1
"D03","OSBS","000","060","2018-04-08",86.98,75.18,95.65,47.22,0.02,78150,1,14.706,10.953,17.966,5.859,0.009,78150,1
"D03","OSBS","000","060","2018-04-09",91.65,80.89,99.99,26.76,0.02,78118,1,15.689,10.634,21.291,13.448,0.013,78118,1
"D03","OSBS","000","060","2018-04-10",99.61,97.02,100.5,0.43,0,49410,1,16.112,13.436,19.711,1.432,0.004,78224,1
"D03","OSBS","000","060","2018-04-11",77.2,36.35,99.63,622.54,0.09,78439,1,10.358,6.116,13.444,3.871,0.007,78439,1
"D03","OSBS","000","060","2018-04-12",65.31,34.65,93.54,404.52,0.07,77979,1,10.499,5.31,12.82,1.301,0.004,77979,1
"D03","OSBS","000","060","2018-04-13",73.75,40.68,98.13,417.39,0.07,78164,1,15.18,12.822,16.489,0.876,0.003,78164,1
"D03","OSBS","000","060","2018-04-14",71.88,43.77,96.95,346.25,0.07,78105,1,16.278,14.234,20.128,1.811,0.005,78105,1
"D03","OSBS","000","060","2018-04-15",86.16,65.06,98.52,100.96,0.04,77894,1,19.779,15.035,21.15,1.008,0.004,77894,1
"D03","OSBS","000","060","2018-04-16",61.39,30.88,91.18,427.83,0.07,78163,1,5.706,-0.822,15.105,23.667,0.017,78163,1
"D03","OSBS","000","060","2018-04-17",49.51,24.82,82.26,272.94,0.06,78035,1,4.339,-0.156,9.226,4.062,0.007,78035,1
"D03","OSBS","000","060","2018-04-18",51.08,16.55,89.49,741.56,0.1,78226,1,7.404,-0.617,12.975,11.587,0.012,78208,1
"D03","OSBS","000","060","2018-04-19",63.77,28.25,100.29,507.05,0.08,73767,1,12.78,5.334,17.903,10.633,0.012,78187,1
"D03","OSBS","000","060","2018-04-20",76.91,54.85,98.34,95.02,0.03,78079,1,13.974,10.08,17.27,2.466,0.006,78079,1
"D03","OSBS","000","060","2018-04-21",81.25,59.18,94.84,89.02,0.03,78228,1,15.995,12.774,19.147,3.632,0.007,78228,1
"D03","OSBS","000","060","2018-04-22",79.31,63.38,95.97,64.21,0.03,78049,1,17.345,16.142,20.164,0.948,0.003,78049,1
"D03","OSBS","000","060","2018-04-23",86.17,56.16,99.59,193.11,0.05,78182,1,19.988,18.078,21.862,0.697,0.003,78182,1
"D03","OSBS","000","060","2018-04-24",75.31,45.09,98.66,344.75,0.07,78104,1,16.164,11.908,20.564,9.094,0.011,78104,1
"D03","OSBS","000","060","2018-04-25",70.86,40.43,95.85,369.8,0.07,78079,1,13.485,10.875,15.19,1.562,0.004,78079,1
"D03","OSBS","000","060","2018-04-26",71.7,44.59,97.76,335.01,0.07,78132,1,14.687,12.642,16.502,0.344,0.002,78132,1
"D03","OSBS","000","060","2018-04-27",71.32,29.32,94.27,391.62,0.07,78322,1,15.166,5.734,17.685,7.47,0.01,78322,1
"D03","OSBS","000","060","2018-04-28",57,26.68,84.09,415.27,0.07,78202,1,10.485,5.729,14.285,5.037,0.008,78202,1
"D03","OSBS","000","060","2018-04-29",55.05,26.68,87.67,477.76,0.08,78154,1,11.521,4.766,15.698,7.664,0.01,78150,1
"D03","OSBS","000","060","2018-04-30",66.03,42.12,92.68,312.03,0.06,78105,1,13.573,10.559,16.761,2.867,0.006,78105,1
"D03","OSBS","000","060","2018-05-01",66.25,39.41,88.78,264.12,0.06,77959,1,13.488,10.774,15.229,0.563,0.003,77959,1
"D03","OSBS","000","060","2018-05-02",65.84,39.7,89.5,256.58,0.06,78101,1,13.738,11.691,15.6,0.437,0.002,78101,1
"D03","OSBS","000","060","2018-05-03",67.02,44.23,88.96,239.23,0.06,78182,1,14.366,13.077,15.454,0.156,0.001,78182,1
"D03","OSBS","000","060","2018-05-04",67.13,32.63,96.58,410.22,0.07,78145,1,15.332,11.226,17.463,1.685,0.005,78145,1
"D03","OSBS","000","060","2018-05-05",75.03,55.7,94.9,122.33,0.04,78088,1,17.175,15.234,20.08,2.116,0.005,78088,1
"D03","OSBS","000","060","2018-05-06",74.21,32,99.73,656.49,0.09,77406,1,17.887,10.453,20.985,8.393,0.01,78182,1
"D03","OSBS","000","060","2018-05-07",53.29,24.87,84.81,370.81,0.07,78144,1,13.414,7.053,20.194,14.743,0.014,78142,1
"D03","OSBS","000","060","2018-05-08",58.44,37.84,89.73,195.01,0.05,78027,1,14.092,11.083,16.946,2.144,0.005,78027,1
"D03","OSBS","000","060","2018-05-09",70.75,41.44,98.08,421.76,0.07,78302,1,16.039,12.284,18.363,1.398,0.004,78302,1
"D03","OSBS","000","060","2018-05-10",65.64,33.49,94.95,463.54,0.08,78246,1,15.929,10.527,18.879,2.083,0.005,78246,1
"D03","OSBS","000","060","2018-05-11",58.66,30.71,92.19,394.96,0.07,78037,1,16.153,12.833,19.114,2.502,0.006,78037,1
"D03","OSBS","000","060","2018-05-12",60.72,40.06,82.94,144.99,0.04,78066,1,17.27,12.759,19.498,1.505,0.004,78066,1
"D03","OSBS","000","060","2018-05-13",72.86,44.41,94.89,128.89,0.04,77893,1,17.72,12.913,20.16,2.654,0.006,77893,1
"D03","OSBS","000","060","2018-05-14",92.39,75.72,98.99,37.15,0.02,77929,1,20.344,19.333,21.52,0.277,0.002,77929,1
"D03","OSBS","000","060","2018-05-15",95.61,68.67,99.7,17.04,0.01,78344,1,20.817,17.15,23.361,1.455,0.004,78344,1
"D03","OSBS","000","060","2018-05-16",89.96,61.68,98.79,101.05,0.04,78007,1,20.013,18.715,22.161,0.908,0.003,78007,1
"D03","OSBS","000","060","2018-05-17",92.42,67.97,98.39,43.94,0.02,78089,1,21.321,19.126,22.932,0.38,0.002,78089,1
"D03","OSBS","000","060","2018-05-18",89.49,64.63,98.1,76.72,0.03,77959,1,20.696,18.41,23.266,0.275,0.002,77959,1
"D03","OSBS","000","060","2018-05-19",84.43,52.79,98.9,163.47,0.05,78095,1,20.759,18.149,22.485,0.509,0.003,78095,1
"D03","OSBS","000","060","2018-05-20",89.45,70.49,99.41,37.7,0.02,77992,1,19.997,18.305,22.404,1.024,0.004,77992,1
"D03","OSBS","000","060","2018-05-21",92.99,72.43,99.41,63.38,0.03,78069,1,21.248,19.256,22.687,0.45,0.002,78069,1
"D03","OSBS","000","060","2018-05-22",85.99,56.25,99,172.21,0.05,78145,1,20.984,16.316,22.853,0.796,0.003,78145,1
"D03","OSBS","000","060","2018-05-23",74.05,40.19,97,415.88,0.07,77935,1,19.267,15.672,21.596,1.704,0.005,77935,1
"D03","OSBS","000","060","2018-05-24",74.8,47.29,88.92,113.87,0.04,77977,1,20.514,18.163,22.653,0.441,0.002,77977,1
"D03","OSBS","000","060","2018-05-25",78.31,49.45,98.6,230.39,0.05,77906,1,21.112,17.977,22.882,0.811,0.003,77906,1
"D03","OSBS","000","060","2018-05-26",78.96,44.06,99.4,271.52,0.06,78118,1,20.408,15.846,22.228,1.314,0.004,78118,1
"D03","OSBS","000","060","2018-05-27",89.47,71.04,99.66,47.67,0.02,77993,1,21.686,20.107,23.851,1.173,0.004,77993,1
"D03","OSBS","000","060","2018-05-28",85.57,57.89,95.36,92.18,0.03,77856,1,22.415,17.766,24.003,0.504,0.003,77856,1
"D03","OSBS","000","060","2018-05-29",88.52,58.68,98.88,118.9,0.04,77981,1,22.104,19.693,23.714,0.287,0.002,77981,1
"D03","OSBS","000","060","2018-05-30",97.96,91.13,100.02,4.3,0.01,74506,1,22.507,21.843,23.747,0.153,0.001,77896,1
"D03","OSBS","000","060","2018-05-31",86.61,56.58,100.15,214.27,0.05,71689,1,22.136,21.128,23.964,0.255,0.002,78060,1
"D03","OSBS","000","060","2018-06-01",82.59,47.31,99.83,298.87,0.06,77932,1,22.121,19.422,24.084,0.459,0.002,77932,1
"D03","OSBS","000","060","2018-06-02",81.97,51.69,99.71,239.63,0.06,77984,1,22.236,19.396,23.926,0.85,0.003,77984,1
"D03","OSBS","000","060","2018-06-03",82.61,57.03,97.87,118.48,0.04,77952,1,22.413,18.297,25.734,3.732,0.007,77952,1
"D03","OSBS","000","060","2018-06-04",87.01,55.16,98.59,129.02,0.04,77808,1,24.157,20.449,26.28,1.132,0.004,77808,1
"D03","OSBS","000","060","2018-06-05",70.14,42.13,99.7,526.41,0.09,72132,1,20.376,14.414,24.813,14.368,0.014,78094,1
"D03","OSBS","000","060","2018-06-06",81.24,55.12,98.26,134.8,0.04,77923,1,19.66,16.369,22.238,2.385,0.006,77923,1
"D03","OSBS","000","060","2018-06-07",80.34,49.23,99.58,309.94,0.06,78050,1,20.353,17.862,21.888,0.544,0.003,78050,1
"D03","OSBS","000","060","2018-06-08",79.22,38.74,96.75,185.38,0.05,78090,1,19.96,14.325,21.575,0.869,0.003,78090,1
"D03","OSBS","000","060","2018-06-09",79.88,46.9,99.46,285.19,0.06,77970,1,20.515,17.865,22.055,0.713,0.003,77970,1
"D03","OSBS","000","060","2018-06-10",81.66,58.48,97.82,147.08,0.04,77952,1,20.753,19.068,22.739,0.444,0.002,77952,1
"D03","OSBS","000","060","2018-06-11",83.84,53.06,99.25,131.12,0.04,77854,1,21.721,19.449,24.009,0.433,0.002,77854,1
"D03","OSBS","000","060","2018-06-12",86.99,52.91,98.43,103.66,0.04,77969,1,21.663,17.918,23.053,0.716,0.003,77969,1
"D03","OSBS","000","060","2018-06-13",78.01,50.44,95.21,241.53,0.06,77848,1,21.363,18.435,22.7,0.492,0.003,77848,1
"D03","OSBS","000","060","2018-06-14",76.26,51.68,98.14,189.38,0.05,77893,1,21.618,19.093,23.538,0.44,0.002,77893,1
"D03","OSBS","000","060","2018-06-15",76.91,47.53,98.04,233.07,0.05,77878,1,22.162,19.463,23.375,0.891,0.003,77878,1
"D03","OSBS","000","060","2018-06-16",81.76,53.65,97.98,165.83,0.05,78025,1,22.11,19.153,23.627,0.254,0.002,78025,1
"D03","OSBS","000","060","2018-06-17",81.99,51.8,97.9,226.4,0.05,78062,1,22.192,20.665,23.444,0.259,0.002,78062,1
"D03","OSBS","000","060","2018-06-18",79.03,49.66,99.36,234.04,0.05,78031,1,22.743,20.389,24.499,0.516,0.003,78031,1
"D03","OSBS","000","060","2018-06-19",81.19,50.63,97.95,174.85,0.05,77866,1,22.185,20.825,24.452,0.435,0.002,77866,1
"D03","OSBS","000","060","2018-06-20",88.51,58.95,99.78,144.82,0.04,77855,1,23.498,20.887,25.789,0.948,0.003,77855,1
"D03","OSBS","000","060","2018-06-21",89.55,60.35,99.22,83.05,0.03,77884,1,24.08,20.596,25.965,0.883,0.003,77884,1
"D03","OSBS","000","060","2018-06-22",76.5,42.62,97.42,364.1,0.07,77802,1,23.184,17.764,25.561,3.363,0.007,77802,1
"D03","OSBS","000","060","2018-06-23",73.81,42.58,97.91,263.02,0.06,77916,1,22.817,19.584,25.485,1.31,0.004,77916,1
"D03","OSBS","000","060","2018-06-24",76.98,46.99,97.74,238.35,0.06,77737,1,23.175,19.57,25.165,1.007,0.004,77737,1
"D03","OSBS","000","060","2018-06-25",75.59,42.15,97.9,273.76,0.06,77944,1,22.207,19.424,24.066,0.553,0.003,77944,1
"D03","OSBS","000","060","2018-06-26",76.92,49.42,93.95,151.46,0.04,77984,1,22.582,19.949,24.04,0.581,0.003,77984,1
"D03","OSBS","000","060","2018-06-27",82.33,54.12,98.35,149.97,0.04,77887,1,22.541,20.285,24.155,0.337,0.002,77887,1
"D03","OSBS","000","060","2018-06-28",82.06,54.4,98.54,138.1,0.04,77958,1,23.346,20.991,24.603,0.591,0.003,77958,1
"D03","OSBS","000","060","2018-06-29",86.34,57.2,99.34,163.51,0.05,78129,1,22.382,20.635,23.77,0.275,0.002,78129,1
"D03","OSBS","000","060","2018-06-30",89.91,53.96,99.63,131.3,0.04,77971,1,23.158,20.971,24.354,0.267,0.002,77971,1
"D03","OSBS","000","060","2018-07-01",85.67,54.32,99.24,214.08,0.05,77939,1,22.574,20.3,24.48,0.314,0.002,77939,1
"D03","OSBS","000","060","2018-07-02",79.41,45.26,99.27,291.43,0.06,77985,1,22.732,20.196,24.766,0.825,0.003,77985,1
"D03","OSBS","000","060","2018-07-03",83.75,50.93,98.96,130.9,0.04,77955,1,23.313,20.267,24.947,0.548,0.003,77955,1
"D03","OSBS","000","060","2018-07-04",87.94,64.99,98.75,87.66,0.03,77935,1,22.763,19.803,24.291,0.902,0.003,77935,1
"D03","OSBS","000","060","2018-07-05",84.68,51.93,98.14,151.91,0.04,77995,1,22.14,18.907,24.773,0.495,0.003,77995,1
"D03","OSBS","000","060","2018-07-06",83.32,48.85,100.05,260.77,0.06,77781,1,22.353,19.614,24.175,1.309,0.004,77781,1
"D03","OSBS","000","060","2018-07-07",84.05,53.75,97.63,116.03,0.04,77937,1,21.415,18.57,23.733,0.344,0.002,77937,1
"D03","OSBS","000","060","2018-07-08",77.43,55.69,96.86,143.84,0.04,78018,1,21.734,20.083,23.653,0.582,0.003,78018,1
"D03","OSBS","000","060","2018-07-09",83.46,52.29,97.83,187.95,0.05,78204,1,22.734,19.922,23.997,0.513,0.003,78204,1
"D03","OSBS","000","060","2018-07-10",78.94,45.23,97.93,237.75,0.06,71516,1,22.498,19.087,24.038,0.744,0.003,71520,1
"D03","OSBS","000","060","2018-07-11",70.01,39.12,96.64,363.67,0.07,77948,1,21.485,16.778,23.547,3.091,0.006,77948,1
"D03","OSBS","000","060","2018-07-12",66.84,43.3,90.03,190.49,0.05,77853,1,21.032,16.991,23.378,0.909,0.003,77853,1
"D03","OSBS","000","060","2018-07-13",76.45,44.3,97.42,253.56,0.06,77954,1,22.834,19.777,25.2,1.037,0.004,77954,1
"D03","OSBS","000","060","2018-07-14",84.03,52.75,99.08,173.58,0.05,77827,1,23.851,21.457,25.278,0.488,0.003,77827,1
"D03","OSBS","000","060","2018-07-15",83.73,58.6,97.46,101.06,0.04,77621,1,23.237,20.418,24.731,0.429,0.002,77621,1
"D03","OSBS","000","060","2018-07-16",82.09,51.48,98.09,137.04,0.04,77972,1,23.683,20.311,25.666,0.824,0.003,77972,1
"D03","OSBS","000","060","2018-07-17",88.2,67.68,97.5,50.5,0.03,77846,1,23.244,20.02,25.062,0.978,0.004,77846,1
"D03","OSBS","000","060","2018-07-18",89.91,64.64,98.48,70.88,0.03,78066,1,24.003,20.62,25.819,0.632,0.003,78066,1
"D03","OSBS","000","060","2018-07-19",90.69,75.94,98.69,44.01,0.02,77932,1,24.024,22.344,24.575,0.157,0.001,77932,1
"D03","OSBS","000","060","2018-07-20",91.67,73.77,98.3,34.23,0.02,78018,1,23.991,22.842,24.841,0.183,0.002,78018,1
"D03","OSBS","000","060","2018-07-21",90.18,61.17,99.77,121.23,0.04,77848,1,23.534,19.871,25.091,1.432,0.004,77848,1
"D03","OSBS","000","060","2018-07-22",93.82,70.93,99.35,18.06,0.02,77859,1,22.951,18.971,26.951,4.757,0.008,77859,1
"D03","OSBS","000","060","2018-07-23",86.47,57.56,99.39,129.63,0.04,78157,1,21.657,19.449,24.853,2.359,0.005,78157,1
"D03","OSBS","000","060","2018-07-24",87.72,58.91,99.65,116.49,0.04,78181,1,22.329,19.889,24.538,0.768,0.003,78181,1
"D03","OSBS","000","060","2018-07-25",83.57,59.13,98.9,128.63,0.04,77938,1,23.356,21.703,25.654,0.361,0.002,77938,1
"D03","OSBS","000","060","2018-07-26",86.48,71,96.48,48.96,0.03,77766,1,23.949,22.401,25.608,0.295,0.002,77766,1
"D03","OSBS","000","060","2018-07-27",79.73,47.81,99.21,311.52,0.06,77766,1,23.223,20.369,24.856,0.792,0.003,77766,1
"D03","OSBS","000","060","2018-07-28",76.99,46.75,94.89,217.84,0.05,78001,1,22.458,19.554,24.194,0.425,0.002,78001,1
"D03","OSBS","000","060","2018-07-29",80.14,50.15,97.48,208.26,0.05,77895,1,22.356,20.737,23.647,0.189,0.002,77895,1
"D03","OSBS","000","060","2018-07-30",90.7,58.59,99.52,100.75,0.04,78150,1,22.914,21.21,24.103,0.136,0.001,78150,1
"D03","OSBS","000","060","2018-07-31",89.93,60.15,99.31,87.67,0.03,77956,1,23.04,21.655,23.887,0.154,0.001,77956,1
"D03","OSBS","000","060","2018-08-01",83.01,52.34,97.68,194.06,0.05,77972,1,23.231,20.47,24.696,0.563,0.003,77972,1
"D03","OSBS","000","060","2018-08-02",83.05,47.22,97.52,186.47,0.05,78065,1,22.734,20.305,24.972,0.935,0.003,78065,1
"D03","OSBS","000","060","2018-08-03",81.06,46.83,98.95,341.81,0.07,78001,1,22.283,19.336,24.3,0.746,0.003,78001,1
"D03","OSBS","000","060","2018-08-04",72.97,43.4,99.07,343.71,0.07,77936,1,22.093,18.381,24.503,2.332,0.005,77936,1
"D03","OSBS","000","060","2018-08-05",76.26,48.41,99.46,272.05,0.06,77923,1,22.661,20.301,24.546,0.677,0.003,77923,1
"D03","OSBS","000","060","2018-08-06",73.61,47,98.69,305.52,0.06,77895,1,22.196,19.576,23.931,1.528,0.004,77895,1
"D03","OSBS","000","060","2018-08-07",74.12,39.22,98.45,347.76,0.07,77956,1,22.147,18.979,23.793,1.23,0.004,77956,1
"D03","OSBS","000","060","2018-08-08",73.58,39.86,95.88,267.64,0.06,77709,1,22.904,18.125,25.16,1.485,0.004,77709,1
"D03","OSBS","000","060","2018-08-09",81.01,52.61,97.5,126.06,0.04,77868,1,23.245,19.405,25.056,1.095,0.004,77868,1
"D03","OSBS","000","060","2018-08-10",78.64,49.86,98.27,196.06,0.05,77774,1,22.501,20.893,24.316,0.708,0.003,77774,1
"D03","OSBS","000","060","2018-08-11",78.73,50.27,96.09,227.88,0.05,77831,1,22.717,20.27,24.494,0.895,0.003,77831,1
"D03","OSBS","000","060","2018-08-12",84.67,50.98,97.99,162.09,0.05,77906,1,23.139,21.008,24.852,0.422,0.002,77906,1
"D03","OSBS","000","060","2018-08-13",83.52,56.48,97.35,170.28,0.05,77825,1,22.807,20.905,24.051,0.268,0.002,77825,1
"D03","OSBS","000","060","2018-08-14",84.11,46.65,97.76,125.41,0.04,77842,1,23.026,19.16,24.556,0.696,0.003,77842,1
"D03","OSBS","000","060","2018-08-15",79.53,42.95,96.53,230.15,0.05,77941,1,22.088,18.279,24,0.795,0.003,77941,1
"D03","OSBS","000","060","2018-08-16",79.78,45.82,97.2,201.1,0.05,77942,1,21.929,19.972,23.765,0.363,0.002,77942,1
"D03","OSBS","000","060","2018-08-17",87.25,53.73,99.06,96.17,0.04,78101,1,22.964,20.826,24.822,0.588,0.003,78101,1
"D03","OSBS","000","060","2018-08-18",79.11,44.84,96.34,270.27,0.06,77977,1,22.78,19.615,24.759,0.692,0.003,77977,1
"D03","OSBS","000","060","2018-08-19",75.59,45.73,94.79,237.14,0.06,77821,1,22.654,18.596,24.765,0.996,0.004,77821,1
"D03","OSBS","000","060","2018-08-20",84.76,46.87,98.28,211.47,0.05,77898,1,22.384,20.183,24.562,0.49,0.003,77898,1
"D03","OSBS","000","060","2018-08-21",85.11,55.71,97.43,106.44,0.04,77827,1,22.917,21.104,24.413,0.211,0.002,77827,1
"D03","OSBS","000","060","2018-08-22",84.32,61.38,98.52,147.04,0.04,78023,1,23.426,21.673,24.97,0.262,0.002,78023,1
"D03","OSBS","000","060","2018-08-23",77.93,43.34,98.58,273.59,0.06,77824,1,22.946,18.285,24.758,1.676,0.005,77824,1
"D03","OSBS","000","060","2018-08-24",88.19,56.88,99.74,124.33,0.04,77501,1,23.675,21.542,24.756,0.421,0.002,77501,1
"D03","OSBS","000","060","2018-08-25",83.61,49.5,99.67,220.57,0.05,77957,1,23.255,19.777,24.994,0.932,0.003,77957,1
"D03","OSBS","000","060","2018-08-26",85.98,53.97,99.86,136.56,0.04,77849,1,23.316,19.667,24.791,0.566,0.003,77849,1
"D03","OSBS","000","060","2018-08-27",81.34,52.08,99.21,226.69,0.05,77831,1,23.158,20.379,24.603,0.492,0.003,77831,1
"D03","OSBS","000","060","2018-08-28",81.89,55.31,97.96,117.15,0.04,77786,1,22.946,20.268,24.804,0.595,0.003,77786,1
"D03","OSBS","000","060","2018-08-29",90.88,64.36,98.42,64.15,0.03,77974,1,21.901,19.508,24.385,0.808,0.003,77974,1
"D03","OSBS","000","060","2018-08-30",93.63,64.58,100.02,51.28,0.03,78199,1,22.386,20.985,24.995,0.79,0.003,78199,1
"D03","OSBS","000","060","2018-08-31",82.82,56.25,100.14,234.44,0.06,71343,1,22.923,21.006,25.526,0.834,0.003,78057,1
"D03","OSBS","000","060","2018-09-01",80.2,53.28,98.65,244.36,0.06,77892,1,23.164,21.063,24.677,0.794,0.003,77892,1
"D03","OSBS","000","060","2018-09-02",85.48,57.01,98.96,109.16,0.04,78106,1,23.174,20.831,24.646,0.213,0.002,78106,1
"D03","OSBS","000","060","2018-09-03",90.38,72.87,99.54,49.51,0.03,77658,1,23.469,21.827,25.154,0.318,0.002,77658,1
"D03","OSBS","000","060","2018-09-04",86.79,57.12,99.28,152.52,0.04,77957,1,23.123,21.629,24.77,0.409,0.002,77957,1
"D03","OSBS","000","060","2018-09-05",82.57,55.93,98.24,219.33,0.05,77903,1,23.43,20.614,25.011,0.635,0.003,77903,1
"D03","OSBS","000","060","2018-09-06",82.64,55.85,98.63,174.3,0.05,77916,1,23.221,20.535,24.758,0.564,0.003,77916,1
"D03","OSBS","000","060","2018-09-07",82.6,46.19,98.57,201.42,0.05,77880,1,22.887,19.381,24.117,0.866,0.003,77880,1
"D03","OSBS","000","060","2018-09-08",85.05,54.03,99.05,150.62,0.04,77805,1,22.662,20.566,23.928,0.475,0.002,77805,1
"D03","OSBS","000","060","2018-09-09",82.52,51.29,98.82,259.43,0.06,77837,1,22.417,19.875,23.999,0.874,0.003,77837,1
"D03","OSBS","000","060","2018-09-10",82.5,47.49,98.31,248.76,0.06,77996,1,22.548,19.649,24.096,0.752,0.003,77996,1
"D03","OSBS","000","060","2018-09-11",80.35,51.89,98.74,202.76,0.05,77812,1,22.502,20.969,23.938,0.3,0.002,77812,1
"D03","OSBS","000","060","2018-09-12",85.96,55.23,98.82,128.26,0.05,58078,1,23.835,21.612,24.661,0.265,0.002,58079,1
"D03","OSBS","000","060","2018-09-13",NA,NA,NA,NA,NA,0,1,NA,NA,NA,NA,NA,0,1
"D03","OSBS","000","060","2018-09-14",NA,NA,NA,NA,NA,0,1,NA,NA,NA,NA,NA,0,1
"D03","OSBS","000","060","2018-09-15",NA,NA,NA,NA,NA,0,1,NA,NA,NA,NA,NA,0,1
"D03","OSBS","000","060","2018-09-16",NA,NA,NA,NA,NA,0,1,NA,NA,NA,NA,NA,0,1
"D03","OSBS","000","060","2018-09-17",NA,NA,NA,NA,NA,0,1,NA,NA,NA,NA,NA,0,1
"D03","OSBS","000","060","2018-09-18",NA,NA,NA,NA,NA,0,1,NA,NA,NA,NA,NA,0,1
"D03","OSBS","000","060","2018-09-19",NA,NA,NA,NA,NA,0,1,NA,NA,NA,NA,NA,0,1
"D03","OSBS","000","060","2018-09-20",NA,NA,NA,NA,NA,0,1,NA,NA,NA,NA,NA,0,1
"D03","OSBS","000","060","2018-09-21",NA,NA,NA,NA,NA,0,1,NA,NA,NA,NA,NA,0,1
"D03","OSBS","000","060","2018-09-22",NA,NA,NA,NA,NA,0,1,NA,NA,NA,NA,NA,0,1
"D03","OSBS","000","060","2018-09-23",NA,NA,NA,NA,NA,0,1,NA,NA,NA,NA,NA,0,1
"D03","OSBS","000","060","2018-09-24",NA,NA,NA,NA,NA,0,1,NA,NA,NA,NA,NA,0,1
"D03","OSBS","000","060","2018-09-25",NA,NA,NA,NA,NA,0,1,NA,NA,NA,NA,NA,0,1
"D03","OSBS","000","060","2018-09-26",62.7,47.26,99.27,284,0.12,20710,1,22.08,20.528,24.729,1.576,0.009,20721,1
"D03","OSBS","000","060","2018-09-27",80.85,48.33,99.26,310.11,0.06,78061,1,22.482,20.48,24.594,0.782,0.003,78061,1
"D03","OSBS","000","060","2018-09-28",76.36,45.11,94.67,241.78,0.06,77761,1,22.859,19.886,24.883,1.025,0.004,77761,1
"D03","OSBS","000","060","2018-09-29",80.17,39.32,98.96,336.2,0.07,77814,1,22.484,17.59,24.713,1.314,0.004,77814,1
"D03","OSBS","000","060","2018-09-30",79.71,47.03,98.61,267.81,0.06,78073,1,22.477,18.301,23.917,1.312,0.004,78073,1
"D03","OSBS","000","060","2018-10-01",89.77,65.28,98.94,73.63,0.03,77186,1,22.722,21.101,23.79,0.185,0.002,77999,1
"D03","OSBS","000","060","2018-10-02",89.39,64.72,99.26,74.81,0.03,77827,1,22.492,20.744,23.783,0.213,0.002,77827,1
"D03","OSBS","000","060","2018-10-03",78.37,44.94,96.22,290.57,0.06,78021,1,20.737,17.065,22.751,1.755,0.005,78021,1
"D03","OSBS","000","060","2018-10-04",76.35,46.77,95.6,234.49,0.05,78049,1,20.545,17.496,23.004,1.048,0.004,78049,1
"D03","OSBS","000","060","2018-10-05",76.21,44.67,97.41,253.45,0.06,77925,1,20.572,17.111,22.137,0.981,0.004,77925,1
"D03","OSBS","000","060","2018-10-06",76.65,49.76,98,217.74,0.05,78083,1,20.344,17.388,22.129,0.484,0.002,78083,1
"D03","OSBS","000","060","2018-10-07",78.76,53.22,95.58,168.38,0.05,77904,1,21.027,19.692,22.539,0.207,0.002,77904,1
"D03","OSBS","000","060","2018-10-08",88.09,65.32,97.96,67.83,0.03,78025,1,22.458,20.878,24.068,0.283,0.002,78025,1
"D03","OSBS","000","060","2018-10-09",89.03,75.77,98.25,29.56,0.02,77880,1,23.076,21.596,25.173,0.713,0.003,77880,1
"D03","OSBS","000","060","2018-10-10",86.73,67.26,94.96,63.91,0.03,77841,1,24.199,23.386,24.655,0.055,0.001,77841,1
"D03","OSBS","000","060","2018-10-11",79.06,51.86,95.5,193.61,0.05,77924,1,23.384,20.035,24.823,1.73,0.005,77924,1
"D03","OSBS","000","060","2018-10-12",72.5,37.32,99.71,457,0.08,78009,1,18.009,11.025,22.899,14.128,0.013,78009,1
"D03","OSBS","000","060","2018-10-13",55.42,33.79,79.24,213.1,0.05,78043,1,12.101,9.411,14.296,1.33,0.004,78043,1
"D03","OSBS","000","060","2018-10-14",63.53,43.1,86.07,66.01,0.03,77861,1,16.519,11.539,20.347,5.162,0.008,77861,1
"D03","OSBS","000","060","2018-10-15",79.79,47.67,97.93,262.64,0.06,78092,1,21.688,19.226,23.997,1.003,0.004,78092,1
"D03","OSBS","000","060","2018-10-16",78.59,43.47,98.5,374.79,0.07,77905,1,22.65,18.622,24.319,2.446,0.006,77905,1
"D03","OSBS","000","060","2018-10-17",75.67,38.82,97.76,374.67,0.07,77826,1,22.289,17.409,24.256,2.804,0.006,77826,1
"D03","OSBS","000","060","2018-10-18",84.66,53.51,99.75,154.35,0.05,74716,1,22.83,19.51,23.877,0.474,0.002,78100,1
"D03","OSBS","000","060","2018-10-19",88.63,72.71,99.5,70.76,0.03,78174,1,22.075,21.098,23.015,0.102,0.001,78174,1
"D03","OSBS","000","060","2018-10-20",79.57,48.17,99.17,313.26,0.06,77871,1,21.373,18.572,22.976,1.175,0.004,77871,1
"D03","OSBS","000","060","2018-10-21",70.37,46.35,94.25,256.6,0.06,78080,1,14.78,7.476,21.714,25.606,0.018,78080,1
"D03","OSBS","000","060","2018-10-22",68.89,46.41,89.42,160.62,0.05,77866,1,11.699,9.213,15.888,4.518,0.008,77866,1
"D03","OSBS","000","060","2018-10-23",82.91,69.87,96.3,54.33,0.03,78375,1,17.035,15.274,19.422,1.554,0.004,78375,1
"D03","OSBS","000","060","2018-10-24",85.43,60.52,98.96,208.38,0.05,73088,1,17.582,12.786,19.462,2.646,0.006,73088,1
"D03","OSBS","000","060","2018-10-25",86.26,64.72,98.93,75.17,0.03,78156,1,16.914,12.825,20.465,5.978,0.009,78156,1
"D03","OSBS","000","060","2018-10-26",91.91,68.25,99.85,85.65,0.03,72712,1,20.696,18.518,23.394,1.579,0.004,78117,1
"D03","OSBS","000","060","2018-10-27",74.6,50.98,89.01,123.92,0.04,77893,1,12.515,9.219,18.515,8.273,0.01,77893,1
"D03","OSBS","000","060","2018-10-28",67.97,40.35,87.86,251.66,0.06,78029,1,9.677,7.939,12.058,0.912,0.003,78029,1
"D03","OSBS","000","060","2018-10-29",74.31,52.3,93.91,163.04,0.05,77983,1,14.431,10.089,18.271,4.933,0.008,77983,1
"D03","OSBS","000","060","2018-10-30",54.62,31.48,89.46,195.38,0.05,78129,1,10.467,4.542,17.55,11.638,0.012,78129,1
"D03","OSBS","000","060","2018-10-31",68.87,46.99,88.68,168.6,0.05,77965,1,14.659,11.717,17.265,2.01,0.005,77965,1
"D03","OSBS","000","060","2018-11-01",72.62,49.34,89.54,158.34,0.05,78186,1,16.217,15.281,18.211,0.657,0.003,78186,1
"D03","OSBS","000","060","2018-11-02",86.04,65.03,98.73,85.56,0.03,78194,1,19.25,17.448,21.38,0.83,0.003,78194,1
"D03","OSBS","000","060","2018-11-03",70.48,40.57,98.76,376.53,0.07,77997,1,8.805,1.674,18.959,20.196,0.016,77997,1
"D03","OSBS","000","060","2018-11-04",82.32,63.59,96.06,47.91,0.02,78072,1,14.398,7.59,21.727,29.132,0.019,78072,1
"D03","OSBS","000","060","2018-11-05",90.08,72.56,99.57,98.72,0.04,69288,1,21.233,20.312,22.272,0.339,0.002,77953,1
"D03","OSBS","000","060","2018-11-06",82.82,51.92,99.36,230.71,0.05,78065,1,20.829,18.253,22.318,0.895,0.003,78065,1
"D03","OSBS","000","060","2018-11-07",79.1,49.62,94.57,197.5,0.06,62683,1,19.543,18.221,21.322,0.395,0.003,62688,1
"D03","OSBS","000","060","2018-11-08",86.72,57.01,99.84,194.79,0.05,74286,1,21.057,18.688,22.95,0.577,0.003,78008,1
"D03","OSBS","000","060","2018-11-09",84.26,60.4,100.32,229.05,0.07,52745,1,21.018,19.567,23.331,0.367,0.002,78140,1
"D03","OSBS","000","060","2018-11-10",88.63,60.08,99.86,118.3,0.04,72570,1,18.575,9.438,21.837,9.619,0.011,78047,1
"D03","OSBS","000","060","2018-11-11",81.38,56.66,94.13,62.96,0.03,78092,1,13.081,8.417,18.427,12.904,0.013,78092,1
"D03","OSBS","000","060","2018-11-12",88.12,56.84,98.4,139.09,0.04,78239,1,18.943,16.493,22.716,4.214,0.007,78239,1
"D03","OSBS","000","060","2018-11-13",85.77,54.75,99.07,236.98,0.06,77823,1,21.526,18.894,22.817,0.86,0.003,77823,1
"D03","OSBS","000","060","2018-11-14",89.57,81.86,98.47,14.45,0.01,78136,1,18.118,16.197,21.316,2.041,0.005,78136,1
"D03","OSBS","000","060","2018-11-15",92.91,77.97,99.88,45.76,0.03,72767,1,14.185,10.427,21.042,13.947,0.013,78317,1
"D03","OSBS","000","060","2018-11-16",78.19,45.92,94.06,255.9,0.06,78144,1,4.046,0.521,10.423,6.104,0.009,78144,1
"D03","OSBS","000","060","2018-11-17",71.21,50.85,88.8,118.37,0.04,78058,1,7.38,3.184,12.498,6.184,0.009,78058,1
"D03","OSBS","000","060","2018-11-18",82.15,53.51,99.17,224.44,0.05,78335,1,13.798,12.019,16.762,1.839,0.005,78335,1
"D03","OSBS","000","060","2018-11-19",84.4,48.81,100.41,288.23,0.07,63328,1,15.944,11.942,17.709,1.091,0.004,78189,1
"D03","OSBS","000","060","2018-11-20",87.78,59.79,99.82,168.19,0.05,74639,1,15.433,10.842,16.97,2.081,0.005,78221,1
"D03","OSBS","000","060","2018-11-21",70.65,38.39,92.64,319.62,0.07,72791,1,9.338,4.128,14.272,5.869,0.009,72793,1
"D03","OSBS","000","060","2018-11-22",75.09,50.27,84.98,35.18,0.02,77951,1,8.871,5.443,13.543,7.669,0.01,77951,1
"D03","OSBS","000","060","2018-11-23",88.89,66.19,99.85,76.43,0.03,78262,1,14.893,12.632,17.172,2.116,0.005,78262,1
"D03","OSBS","000","060","2018-11-24",87.86,70.81,98.71,97.93,0.04,78075,1,17.741,16.269,19.676,0.912,0.003,78075,1
"D03","OSBS","000","060","2018-11-25",86.48,61.26,99.24,139.49,0.04,78188,1,16.517,13.796,19.468,3.387,0.007,78188,1
"D03","OSBS","000","060","2018-11-26",93.9,73.89,99.9,33.84,0.02,78144,1,16.899,11.277,21.664,7.994,0.01,78144,1
"D03","OSBS","000","060","2018-11-27",68.26,34.14,97.74,422.56,0.07,78427,1,3.165,-2.972,13.662,20.808,0.016,78427,1
"D03","OSBS","000","060","2018-11-28",54.29,32.11,78.15,161.84,0.05,78793,1,-2.919,-6.442,-0.872,1.461,0.004,78793,1
"D03","OSBS","000","060","2018-11-29",56.4,36.26,87.39,144.95,0.04,78277,1,0.206,-2.683,4.895,2.545,0.006,78277,1
"D03","OSBS","000","060","2018-11-30",61.01,39.16,83.01,75.08,0.03,78011,1,6.565,1.324,13.016,11.132,0.012,78011,1
"D03","OSBS","000","060","2018-12-01",86.65,67.39,99.66,74.66,0.03,75358,1,16.041,12.562,19.782,5.005,0.008,78245,1
"D03","OSBS","000","060","2018-12-02",91.59,75.35,99.77,25.26,0.02,78099,1,20.825,19.292,23.538,2.002,0.005,78099,1
"D03","OSBS","000","060","2018-12-03",93.48,78.15,97.84,13.84,0.01,77872,1,21.562,18.821,22.468,0.347,0.002,77872,1
"D03","OSBS","000","060","2018-12-04",72.69,44.4,95.4,322.63,0.06,78073,1,11.596,4.951,18.818,17.683,0.015,78073,1
"D03","OSBS","000","060","2018-12-05",59.2,30.77,81.48,222.16,0.05,78383,1,1.592,-4.031,8.656,10.312,0.011,78383,1
"D03","OSBS","000","060","2018-12-06",63.65,40.94,83.78,146.37,0.04,78261,1,1.45,-1.355,5.761,4.045,0.007,78261,1
"D03","OSBS","000","060","2018-12-07",76.9,53.07,93.64,205.57,0.05,78244,1,6.837,3.862,9.23,1.863,0.005,78244,1
"D03","OSBS","000","060","2018-12-08",81.09,64.05,92.42,56.02,0.03,77850,1,10.914,6.688,16.162,12.059,0.012,77850,1
"D03","OSBS","000","060","2018-12-09",93.02,75.32,99.77,52.39,0.03,74542,1,16.713,13.283,19.738,2.454,0.006,78279,1
"D03","OSBS","000","060","2018-12-10",84.25,72.07,97.88,48.46,0.02,78145,1,6.323,2.052,13.291,10.273,0.011,78145,1
"D03","OSBS","000","060","2018-12-11",75.53,49.4,90.6,160.85,0.05,78235,1,3.454,1.215,5.137,0.535,0.003,78235,1
"D03","OSBS","000","060","2018-12-12",69.78,29.3,94.5,443.28,0.08,78394,1,2.799,-2.159,4.72,1.497,0.004,78394,1
"D03","OSBS","000","060","2018-12-13",68.77,48.51,80.63,77.69,0.04,46026,1,5.413,1.522,9.815,2.912,0.008,46038,1
"D03","OSBS","000","060","2018-12-14",96.98,95.2,97.87,0.35,0,26109,1,17.512,16.767,18.307,0.144,0.002,34564,1
"D03","OSBS","000","060","2018-12-15",87.92,67.36,97.95,115.4,0.04,60689,1,15.639,13.21,18.075,1.876,0.005,78256,1
"D03","OSBS","000","060","2018-12-16",76.65,54.84,93.78,179.44,0.05,78110,1,11.207,7.334,13.895,3.282,0.006,78110,1
"D03","OSBS","000","060","2018-12-17",81.3,61.52,95.19,91.1,0.03,77996,1,8.394,6.941,10.652,1.235,0.004,77996,1
"D03","OSBS","000","060","2018-12-18",66.72,26.4,93.53,487.4,0.08,78116,1,6.169,-0.944,10.556,7.795,0.01,78116,1
"D03","OSBS","000","060","2018-12-19",71.74,39.22,94.4,289.03,0.06,78126,1,8.544,2.95,11.671,5.957,0.009,78126,1
"D03","OSBS","000","060","2018-12-20",91.85,73.95,97.69,37.08,0.02,78304,1,15.038,11.129,16.809,2.593,0.006,78304,1
"D03","OSBS","000","060","2018-12-21",81.59,58.1,93.42,96.81,0.04,75380,1,11.289,5.668,15.679,10.852,0.012,75380,1
"D03","OSBS","000","060","2018-12-22",67.63,48.64,79.7,87.8,0.03,78147,1,3.878,2.311,5.72,0.382,0.002,78147,1
"D03","OSBS","000","060","2018-12-23",63.39,32.92,85.1,237.29,0.06,78175,1,3.57,-0.51,6.271,0.663,0.003,78175,1
"D03","OSBS","000","060","2018-12-24",70.92,48.74,89.66,170.56,0.05,77996,1,8.315,2.943,12.619,8.486,0.01,77996,1
"D03","OSBS","000","060","2018-12-25",78.35,48.9,95.2,207.66,0.05,77885,1,10.11,7.749,12.557,1.64,0.005,77885,1
"D03","OSBS","000","060","2018-12-26",87.26,65.78,97.91,101.32,0.04,74383,1,11.454,9.209,14.09,2.899,0.006,78148,1
"D03","OSBS","000","060","2018-12-27",84.19,67.77,95.23,69.69,0.03,78178,1,14.976,12.016,18.786,5.425,0.008,78178,1
"D03","OSBS","000","060","2018-12-28",83.93,67.34,93.91,50.33,0.03,77965,1,19.527,18.209,21.182,0.309,0.002,77965,1
"D03","OSBS","000","060","2018-12-29",91.07,74.16,97.93,49.49,0.03,62937,1,19.47,17.866,21.227,0.826,0.003,78379,1
"D03","OSBS","000","060","2018-12-30",94,86.1,97.99,13.84,0.02,53772,1,18.564,16.276,20.558,2.086,0.005,78444,1
"D03","OSBS","000","060","2018-12-31",84.32,57.15,97.51,233.52,0.05,78270,1,18.982,16.805,20.117,1.27,0.004,78270,1
"D03","OSBS","000","060","2019-01-01",74.39,46.92,91.4,172.78,0.05,78282,1,16.859,14.574,18.962,0.563,0.003,78282,1
"D03","OSBS","000","060","2019-01-02",77.85,53.06,96.03,207.54,0.05,78039,1,17.177,15.096,18.377,0.37,0.002,78039,1
"D03","OSBS","000","060","2019-01-03",83.16,61.3,95.87,93.5,0.03,78200,1,18.066,16.977,19.86,0.707,0.003,78200,1
"D03","OSBS","000","060","2019-01-04",87.06,62.52,97.75,106.32,0.04,66872,1,18.144,11.54,19.304,2.908,0.006,78017,1
"D03","OSBS","000","060","2019-01-05",74.59,57.23,89.55,91.58,0.03,78096,1,8.843,5.054,13.056,6.258,0.009,78096,1
"D03","OSBS","000","060","2019-01-06",67.84,40.31,86.49,255.31,0.06,78128,1,6.544,3.917,8.764,0.555,0.003,78128,1
"D03","OSBS","000","060","2019-01-07",73.16,47.5,94.36,266.1,0.06,78107,1,11.034,6.884,15.173,2.815,0.006,78107,1
"D03","OSBS","000","060","2019-01-08",78.09,54.53,96.29,189.83,0.05,78122,1,14.024,11.684,15.717,0.488,0.002,78122,1
"D03","OSBS","000","060","2019-01-09",71.11,21.09,96.23,664.41,0.09,78327,1,8.891,-5.331,13.55,36.612,0.022,78327,1
"D03","OSBS","000","060","2019-01-10",44.49,32.76,59.12,42.49,0.02,78771,1,-2.318,-4.409,0.682,1.294,0.004,78771,1
"D03","OSBS","000","060","2019-01-11",67.66,46.06,82.29,51.51,0.03,78207,1,4.071,-1.202,9.252,11.09,0.012,78207,1
"D03","OSBS","000","060","2019-01-12",75.73,48.3,92.25,258.63,0.06,78033,1,10.284,8.208,12.589,2.111,0.005,78033,1
"D03","OSBS","000","060","2019-01-13",76.81,50.67,94.53,103.57,0.04,78062,1,14.342,9.303,18.437,3.029,0.006,78062,1
"D03","OSBS","000","060","2019-01-14",73.68,46.81,96.49,179.16,0.05,78057,1,8.029,5.718,12.241,3.888,0.007,78057,1
"D03","OSBS","000","060","2019-01-15",76.22,60.47,87.96,85.35,0.03,78170,1,4.956,2.895,6.716,1.295,0.004,78170,1
"D03","OSBS","000","060","2019-01-16",72.57,44.86,91.75,226.83,0.05,76789,1,3.24,1.679,4.872,0.395,0.002,76789,1
"D03","OSBS","000","060","2019-01-17",53.67,26.37,81.65,239.36,0.06,78204,1,2.364,-0.731,5.482,1.771,0.005,78204,1
"D03","OSBS","000","060","2019-01-18",51.6,30.22,76.51,120.65,0.04,78112,1,5.567,-1.412,12.186,17.361,0.015,78112,1
"D03","OSBS","000","060","2019-01-19",61.53,39.82,77.41,112.53,0.04,77982,1,10.029,7.651,12.812,2.215,0.005,77982,1
"D03","OSBS","000","060","2019-01-20",77.92,53.84,96.56,189.75,0.05,78140,1,9.699,0.173,17.626,34.841,0.021,78140,1
"D03","OSBS","000","060","2019-01-21",65.96,39.2,85.59,228.8,0.05,78474,1,-0.574,-4.231,1.48,1.554,0.004,78474,1
"D03","OSBS","000","060","2019-01-22",71.89,43.17,92.16,245.6,0.06,78190,1,5.998,1.457,11.305,9.103,0.011,78190,1
"D03","OSBS","000","060","2019-01-23",74.17,43.62,90.36,185.86,0.05,78082,1,12.819,11.014,16.029,1.313,0.004,78082,1
"D03","OSBS","000","060","2019-01-24",75.81,45.81,96.16,209.6,0.05,78126,1,14.197,7.175,18.918,12.979,0.013,78126,1
"D03","OSBS","000","060","2019-01-25",62.7,28.74,87.74,414.24,0.07,78446,1,1.348,-3.828,8.72,15.459,0.014,78446,1
"D03","OSBS","000","060","2019-01-26",46.53,24.5,66.34,107.92,0.04,78592,1,-1.368,-5.253,3.459,2.376,0.005,78592,1
"D03","OSBS","000","060","2019-01-27",78.44,40.6,96.73,282.48,0.06,78342,1,4.183,-2.034,7.636,6.672,0.009,78342,1
"D03","OSBS","000","060","2019-01-28",76.22,42.69,95.48,427.92,0.07,78335,1,4.072,1.041,6.265,2.281,0.005,78335,1
"D03","OSBS","000","060","2019-01-29",58.96,24.01,89.77,397.84,0.07,78353,1,2.588,-3.969,6.226,5.228,0.008,78353,1
"D03","OSBS","000","060","2019-01-30",58.22,25.22,85.76,399.22,0.07,78434,1,-0.712,-9.819,6.969,33.358,0.021,78434,1
"D03","OSBS","000","060","2019-01-31",49.62,39.82,60.67,17.2,0.01,78524,1,-2.549,-6.289,3.807,12.947,0.013,78524,1
"D03","OSBS","000","060","2019-02-01",78.48,58.35,94.18,65.56,0.03,78208,1,8.834,2.465,14.81,17.969,0.015,78208,1
"D03","OSBS","000","060","2019-02-02",91.08,75.2,97.71,46.45,0.03,63298,1,14.679,12.933,17.326,2.145,0.005,78367,1
"D03","OSBS","000","060","2019-02-03",96.5,92.79,97.99,2.01,0.01,51618,1,14.661,13.695,16.705,0.584,0.003,78309,1
"D03","OSBS","000","060","2019-02-04",84.25,63.72,96.1,80.05,0.03,78038,1,12.871,11.434,15.104,1.202,0.004,78038,1
"D03","OSBS","000","060","2019-02-05",80.07,51.83,97.18,294.46,0.06,78205,1,12.692,11.526,14.269,0.415,0.002,78205,1
"D03","OSBS","000","060","2019-02-06",66.13,44.22,87.77,192.77,0.05,77923,1,13.017,9.897,15.116,0.665,0.003,77923,1
"D03","OSBS","000","060","2019-02-07",70.27,45.53,93.07,252.92,0.06,78025,1,14.084,12.504,16.024,0.507,0.003,78025,1
"D03","OSBS","000","060","2019-02-08",68.06,34.79,95.61,405.27,0.07,78223,1,14.001,7.504,15.972,2.324,0.005,78223,1
"D03","OSBS","000","060","2019-02-09",59.9,32.69,78.42,184.01,0.05,78241,1,8.362,-1.232,17.358,31.392,0.02,78241,1
"D03","OSBS","000","060","2019-02-10",85.92,71.84,95.44,48.01,0.02,78155,1,14.208,10.091,17.123,4.687,0.008,78155,1
"D03","OSBS","000","060","2019-02-11",78.62,48.31,97.72,405.55,0.08,59343,1,16.328,14.645,18.679,1.148,0.004,78280,1
"D03","OSBS","000","060","2019-02-12",80,52.21,95.16,192.26,0.05,78218,1,18.082,15.486,19.631,1.186,0.004,78218,1
"D03","OSBS","000","060","2019-02-13",72.95,35.23,94.61,388.98,0.07,78281,1,9.177,-1.959,19.648,38.803,0.022,78281,1
"D03","OSBS","000","060","2019-02-14",55.06,25.74,78.68,118.75,0.04,78094,1,3.643,-0.273,9.904,6.637,0.009,78094,1
"D03","OSBS","000","060","2019-02-15",72.57,46.88,94.23,206.8,0.05,77883,1,11.261,9.516,13.243,0.426,0.002,77883,1
"D03","OSBS","000","060","2019-02-16",72.48,53.55,94.99,150.63,0.04,78143,1,12.872,9.347,16.663,5.916,0.009,78143,1
"D03","OSBS","000","060","2019-02-17",78.51,50.73,96.16,239.48,0.06,74913,1,17.305,15.545,18.711,0.434,0.002,78140,1
"D03","OSBS","000","060","2019-02-18",76.59,51.39,89.32,140.25,0.04,77931,1,18.529,15.88,20.311,0.71,0.003,77931,1
"D03","OSBS","000","060","2019-02-19",73.33,54.08,94.58,139.96,0.04,78226,1,13.795,7.905,19.242,12.063,0.012,78226,1
"D03","OSBS","000","060","2019-02-20",85.48,58.6,97.79,184.78,0.06,52579,1,17.254,14.963,21.307,4.825,0.008,78210,1
"D03","OSBS","000","060","2019-02-21",76.41,46.49,96.13,262.23,0.06,77984,1,18.956,15.812,21.192,1.584,0.005,77984,1
"D03","OSBS","000","060","2019-02-22",77.96,48.89,97.66,263.95,0.06,78109,1,18.68,16.107,21.504,0.629,0.003,78109,1
"D03","OSBS","000","060","2019-02-23",73.99,43.69,97.28,349.12,0.07,77988,1,18.802,15.892,21.138,1.873,0.005,77988,1
"D03","OSBS","000","060","2019-02-24",78.82,47.94,95.56,143.13,0.04,77881,1,19.18,9.827,21.153,4.697,0.008,77881,1
"D03","OSBS","000","060","2019-02-25",45.3,29.03,68.83,101.74,0.04,78331,1,3.81,-3.07,12.086,25.665,0.018,78331,1
"D03","OSBS","000","060","2019-02-26",77.58,58.1,88.58,68.8,0.03,78099,1,11.438,5.215,16.098,12.275,0.013,78099,1
"D03","OSBS","000","060","2019-02-27",83.29,53.71,95.8,173.85,0.05,78078,1,15.963,14.925,18.19,0.619,0.003,78078,1
"D03","OSBS","000","060","2019-02-28",79.16,50.69,96.78,298.67,0.06,78212,1,15.349,13.019,18.039,1.276,0.004,78212,1
"D03","OSBS","000","060","2019-03-01",80.49,48.82,95.04,181.93,0.05,78312,1,15.767,13.203,16.651,0.16,0.001,78312,1
"D03","OSBS","000","060","2019-03-02",86.16,61.63,97.18,83.81,0.03,77810,1,16.476,15.256,18.823,1.176,0.004,78286,1
"D03","OSBS","000","060","2019-03-03",82.29,44.57,97.64,381.53,0.07,70811,1,17.489,12.521,19.885,2.782,0.006,78282,1
"D03","OSBS","000","060","2019-03-04",83.07,46.51,96.52,181.46,0.05,78261,1,15.967,11.189,19.235,5.433,0.008,78261,1
"D03","OSBS","000","060","2019-03-05",76.07,53.34,92.24,72.34,0.03,78025,1,5.946,2.504,12.107,3.751,0.007,78025,1
"D03","OSBS","000","060","2019-03-06",41.89,22.09,61.44,138.62,0.04,78772,1,-4.287,-9.064,3.318,10.065,0.011,78772,1
"D03","OSBS","000","060","2019-03-07",51.94,26.16,87.55,306.62,0.06,78308,1,0.96,-4.551,5.902,4.728,0.008,78308,1
"D03","OSBS","000","060","2019-03-08",63.78,32.75,89.9,425.08,0.07,78046,1,8.283,5.894,10.892,1.161,0.004,78046,1
"D03","OSBS","000","060","2019-03-09",64.12,39.26,90.29,230.18,0.05,77998,1,12.8,7.228,16.081,3.147,0.006,77998,1
"D03","OSBS","000","060","2019-03-10",71.68,45.43,95.71,246.66,0.06,78361,1,16.924,14.666,18.55,0.7,0.003,78361,1
"D03","OSBS","000","060","2019-03-11",69.73,41.13,93.89,235.59,0.05,78281,1,16.884,13.091,18.86,1.31,0.004,78281,1
"D03","OSBS","000","060","2019-03-12",70.66,43.99,95.71,267.8,0.06,78167,1,14.291,9.485,17.894,8.826,0.011,78167,1
"D03","OSBS","000","060","2019-03-13",68.94,43.35,89.67,249.4,0.06,78011,1,12.186,10.775,14.232,0.594,0.003,78011,1
"D03","OSBS","000","060","2019-03-14",68.58,42.31,91.04,270.09,0.06,78049,1,14.295,13.171,15.791,0.361,0.002,78049,1
"D03","OSBS","000","060","2019-03-15",71.6,44.76,91.65,242.1,0.06,78111,1,15.938,15.008,17.81,0.542,0.003,78111,1
"D03","OSBS","000","060","2019-03-16",70.12,42.81,96.26,267.89,0.06,78306,1,13.502,6.956,19.028,17.575,0.015,78306,1
"D03","OSBS","000","060","2019-03-17",75.16,67.04,83.74,12.82,0.01,77852,1,9.533,7.456,11.291,1.242,0.004,77852,1
"D03","OSBS","000","060","2019-03-18",54.21,22.81,80.65,352.88,0.07,78034,1,4.452,-2.347,10.104,11.136,0.012,78034,1
"D03","OSBS","000","060","2019-03-19",56.96,33.15,73.24,117.17,0.04,78030,1,6.005,-0.011,11.81,15.078,0.014,78030,1
"D03","OSBS","000","060","2019-03-20",53.62,30.42,73.4,180.38,0.05,78052,1,5.561,2.292,9.371,2.863,0.006,78052,1
"D03","OSBS","000","060","2019-03-21",55.58,28.72,86.39,400.29,0.07,78032,1,5.845,-0.677,9.387,8.926,0.011,78032,1
"D03","OSBS","000","060","2019-03-22",53.11,21.07,72.32,224.59,0.06,65644,1,4.29,-1.328,7.926,5.289,0.009,65649,1
"D03","OSBS","000","060","2019-03-23",NA,NA,NA,NA,NA,0,1,NA,NA,NA,NA,NA,0,1
"D03","OSBS","000","060","2019-03-24",NA,NA,NA,NA,NA,0,1,NA,NA,NA,NA,NA,0,1
"D03","OSBS","000","060","2019-03-25",56.11,37.96,84.51,125.11,0.06,38440,1,13.548,10.54,14.684,0.582,0.004,38440,1
"D03","OSBS","000","060","2019-03-26",72.19,36.71,96.03,299.72,0.06,78066,1,13.477,8.823,16.002,2.509,0.006,78066,1
"D03","OSBS","000","060","2019-03-27",72.18,31.49,93.79,371.63,0.07,78085,1,9.8,-0.821,14.437,17.722,0.015,78085,1
"D03","OSBS","000","060","2019-03-28",63.59,31.3,86.98,235.21,0.05,77946,1,8.858,4.124,13.521,5.918,0.009,77946,1
"D03","OSBS","000","060","2019-03-29",68.78,38.49,93.28,397.15,0.07,78107,1,11.136,8.7,14.057,1.435,0.004,78107,1
"D03","OSBS","000","060","2019-03-30",64.59,32.58,93.44,472.19,0.08,78088,1,11.877,8.407,14.125,2.729,0.006,78088,1
"D03","OSBS","000","060","2019-03-31",63.71,40.51,83.43,150.84,0.04,78068,1,13.547,9.793,15.786,1.56,0.004,78068,1
"D03","OSBS","000","060","2019-04-01",89.01,62.66,96.41,57.3,0.03,78073,1,12.364,7.958,17.726,8.727,0.011,78073,1
"D03","OSBS","000","060","2019-04-02",84.59,51.88,97.6,279.74,0.07,66071,1,11.867,8.659,13.238,1.572,0.004,78321,1
"D03","OSBS","000","060","2019-04-03",68.37,36.31,93.08,394.9,0.07,78090,1,9.035,3.262,10.961,2.908,0.006,78090,1
"D03","OSBS","000","060","2019-04-04",68.5,37.41,93.8,376.83,0.07,77925,1,11.353,9.569,13.361,0.71,0.003,77925,1
"D03","OSBS","000","060","2019-04-05",76.86,60.63,94.4,114.56,0.04,77981,1,15.868,13.157,18.165,2.351,0.005,77981,1
"D03","OSBS","000","060","2019-04-06",75.08,47.98,91.34,166,0.05,78111,1,17.735,16.387,18.997,0.27,0.002,78111,1
"D03","OSBS","000","060","2019-04-07",73.9,34.87,92.29,324.8,0.06,77981,1,17.919,12.254,20.46,1.843,0.005,77981,1
"D03","OSBS","000","060","2019-04-08",81.52,51.63,97.23,205.37,0.05,74595,1,19.488,15.612,21.008,0.543,0.003,77949,1
"D03","OSBS","000","060","2019-04-09",83.36,57.8,95.58,132.68,0.04,78094,1,19.493,18.181,21.193,0.357,0.002,78094,1
"D03","OSBS","000","060","2019-04-10",76.48,49.54,96.16,209.51,0.05,78035,1,16.588,13.807,18.499,0.97,0.004,78035,1
"D03","OSBS","000","060","2019-04-11",79.92,49.46,97.43,297.67,0.06,78259,1,17.592,16.449,19.954,0.494,0.003,78259,1
"D03","OSBS","000","060","2019-04-12",73.25,37.22,96.92,462.93,0.08,78012,1,18.375,13.999,21.041,2.809,0.006,78012,1
"D03","OSBS","000","060","2019-04-13",71.77,42.07,95.27,255.49,0.06,77962,1,19.464,15.795,21.178,1.661,0.005,77962,1
"D03","OSBS","000","060","2019-04-14",74.58,47.82,88.52,124.12,0.04,77207,1,20.029,17.872,21.554,0.522,0.003,77207,1
"D03","OSBS","000","060","2019-04-15",65.97,25.34,92.79,519.43,0.08,78217,1,11.726,1.935,19.509,29.56,0.019,78217,1
"D03","OSBS","000","060","2019-04-16",47.21,33,65.11,89.52,0.03,78324,1,7.385,4.377,12.68,3.97,0.007,78324,1
"D03","OSBS","000","060","2019-04-17",71.98,42.55,95.82,361.11,0.07,78247,1,15.059,12.675,17.093,0.53,0.003,78247,1
"D03","OSBS","000","060","2019-04-18",66.73,33.86,91.22,420.16,0.07,78213,1,15.481,11.924,17.583,2.362,0.005,78213,1
"D03","OSBS","000","060","2019-04-19",81.15,44.14,96.61,230.5,0.05,78016,1,18.59,10.845,21.266,6.03,0.009,78016,1
"D03","OSBS","000","060","2019-04-20",62.1,33.03,86.78,249.9,0.06,78001,1,8.436,2.023,12.094,7.584,0.01,78001,1
"D03","OSBS","000","060","2019-04-21",53.14,26.25,82.33,345.63,0.07,78024,1,6.499,1.712,10.254,6.105,0.009,78024,1
"D03","OSBS","000","060","2019-04-22",45.01,20.13,77.68,347.77,0.07,78177,1,6.156,-1.052,10.62,6.184,0.009,78177,1
"D03","OSBS","000","060","2019-04-23",46.88,24.89,68.87,187.9,0.05,78028,1,9.218,5.46,12.891,1.75,0.005,78028,1
"D03","OSBS","000","060","2019-04-24",57.27,32.81,84.28,300.36,0.06,78047,1,12.86,8.483,15.542,2.333,0.005,78047,1
"D03","OSBS","000","060","2019-04-25",59.52,35.51,89.84,227.48,0.05,77989,1,14.754,11.292,16.959,1.556,0.004,77989,1
"D03","OSBS","000","060","2019-04-26",78.48,48.66,95.83,240.26,0.06,78150,1,17.857,15.253,20.71,0.963,0.004,78150,1
"D03","OSBS","000","060","2019-04-27",43.33,21.61,64.91,189.84,0.05,78192,1,7.899,2.082,15.904,10.827,0.012,78192,1
"D03","OSBS","000","060","2019-04-28",57.14,29.44,85.16,226.73,0.05,78036,1,13.543,6.61,16.84,2.79,0.006,78036,1
"D03","OSBS","000","060","2019-04-30",74.41,43.17,97.48,315.61,0.06,78074,1,17.93,15.402,21.266,1.004,0.004,78074,1
"D03","OSBS","000","060","2019-05-01",72.55,38.77,96.99,413.72,0.07,77902,1,18.113,13.468,20.626,4.431,0.008,77902,1
"D03","OSBS","000","060","2019-05-02",79.5,53.64,95.8,157.61,0.04,78080,1,19.526,15.47,21.667,1.04,0.004,78080,1
"D03","OSBS","000","060","2019-05-03",89.38,63.75,96.37,75.64,0.03,78181,1,21.421,19.357,22.803,0.157,0.001,78181,1
"D03","OSBS","000","060","2019-05-04",76.33,50.56,97.54,301.83,0.06,74484,1,20.179,16.973,21.725,1.647,0.005,77942,1
"D03","OSBS","000","060","2019-05-05",76.67,62.69,83.94,34.16,0.04,23162,1,20.196,19.427,20.785,0.12,0.002,23157,1
"D03","OSBS","000","060","2019-05-06",NA,NA,NA,NA,NA,0,1,NA,NA,NA,NA,NA,0,1
"D03","OSBS","000","060","2019-05-07",NA,NA,NA,NA,NA,0,1,NA,NA,NA,NA,NA,0,1
"D03","OSBS","000","060","2019-05-08",NA,NA,NA,NA,NA,0,1,NA,NA,NA,NA,NA,0,1
"D03","OSBS","000","060","2019-05-09",NA,NA,NA,NA,NA,0,1,NA,NA,NA,NA,NA,0,1
"D03","OSBS","000","060","2019-05-10",NA,NA,NA,NA,NA,0,1,NA,NA,NA,NA,NA,0,1
"D03","OSBS","000","060","2019-05-11",NA,NA,NA,NA,NA,0,1,NA,NA,NA,NA,NA,0,1
"D03","OSBS","000","060","2019-05-12",NA,NA,NA,NA,NA,0,1,NA,NA,NA,NA,NA,0,1
"D03","OSBS","000","060","2019-05-13",NA,NA,NA,NA,NA,0,1,NA,NA,NA,NA,NA,0,1
"D03","OSBS","000","060","2019-05-14",NA,NA,NA,NA,NA,0,1,NA,NA,NA,NA,NA,0,1
"D03","OSBS","000","060","2019-05-15",NA,NA,NA,NA,NA,0,1,NA,NA,NA,NA,NA,0,1
"D03","OSBS","000","060","2019-05-16",61.94,36.21,84.69,223.68,0.05,77951,1,15.447,12.543,18.16,1.191,0.004,77951,1
"D03","OSBS","000","060","2019-05-17",58.69,29.32,82.41,342.04,0.07,72990,1,15.197,11.701,17.3,2.566,0.006,72990,1
"D03","OSBS","000","060","2019-05-18",56.16,33.24,85.3,224.2,0.05,78003,1,15.295,12.476,17.808,0.933,0.003,78003,1
"D03","OSBS","000","060","2019-05-19",60.26,29.53,90.65,432.5,0.07,78044,1,15.39,10.647,19.573,4.905,0.008,78044,1
"D03","OSBS","000","060","2019-05-20",67.59,35.67,93.52,396.28,0.07,78066,1,19.01,14.656,21.537,3.643,0.007,78066,1
"D03","OSBS","000","060","2019-05-21",62.94,32.21,85.39,326.1,0.07,77173,1,18.95,14.572,21.23,3.437,0.007,77173,1
"D03","OSBS","000","060","2019-05-22",61.77,33.68,86.66,269.27,0.06,77821,1,18.292,13.101,20.922,3.443,0.007,77821,1
"D03","OSBS","000","060","2019-05-23",68.71,40.41,90.45,250.7,0.06,78053,1,18.943,15.519,20.982,1.615,0.005,78053,1
"D03","OSBS","000","060","2019-05-24",64.87,34.38,91.67,399.19,0.07,77967,1,17.407,12.266,19.558,2.419,0.006,77959,1
"D03","OSBS","000","060","2019-05-25",62.78,35.12,90.51,370.83,0.07,78001,1,18.105,14.599,20.185,1.726,0.005,78001,1
"D03","OSBS","000","060","2019-05-26",62.27,28.46,95.09,550.13,0.08,78128,1,18.481,14.166,21.199,5.086,0.008,78128,1
"D03","OSBS","000","060","2019-05-27",57.79,30.34,79.63,231.13,0.05,77952,1,19.057,15.744,21.298,1.426,0.004,77952,1
"D03","OSBS","000","060","2019-05-28",68.25,37.8,89.86,226.51,0.05,77918,1,20.745,15.161,23.01,1.401,0.004,77918,1
"D03","OSBS","000","060","2019-05-29",63.74,25.57,93.23,623.85,0.09,77976,1,18.306,12.363,22.176,8.852,0.011,77976,1
"D03","OSBS","000","060","2019-05-30",58.28,32.6,89.57,316.69,0.06,78099,1,18.278,14.7,21.752,2.576,0.006,78099,1
"D03","OSBS","000","060","2019-05-31",69.82,40.32,92.62,161.46,0.05,77881,1,20.961,16.968,22.966,0.923,0.003,77881,1
"D03","OSBS","000","060","2019-06-01",71.52,35.51,96.2,383.14,0.07,77906,1,21.341,16.037,23.637,3.796,0.007,77904,1
"D03","OSBS","000","060","2019-06-02",71.97,41.57,96.51,374.32,0.07,77885,1,21.64,16.869,23.761,4.154,0.007,77885,1
"D03","OSBS","000","060","2019-06-03",63.24,25.44,94.91,651.32,0.09,77928,1,19.402,10.757,23.577,15.507,0.014,77921,1
"D03","OSBS","000","060","2019-06-04",68.69,32.18,95.49,458.04,0.08,75845,1,21.098,15.385,24.676,6.261,0.009,75845,1
"D03","OSBS","000","060","2019-06-05",75.84,42.87,92.28,242.39,0.06,77838,1,21.701,19.117,23.884,0.968,0.004,77838,1
"D03","OSBS","000","060","2019-06-06",76.41,46.6,93.48,151.56,0.04,77907,1,22.056,18.749,23.192,0.444,0.002,77907,1
"D03","OSBS","000","060","2019-06-07",81.48,58.88,92.56,63.8,0.03,77849,1,22.473,20.751,24.115,0.323,0.002,77849,1
"D03","OSBS","000","060","2019-06-08",79.75,52.06,95.61,169.84,0.05,77923,1,21.427,19.567,22.616,0.386,0.002,77923,1
"D03","OSBS","000","060","2019-06-09",90.64,76.49,96.83,25.53,0.02,78164,1,21.754,20.114,23.746,0.481,0.002,78164,1
"D03","OSBS","000","060","2019-06-10",85.29,58.34,96.47,139.89,0.04,78075,1,21.067,19.477,23.587,0.455,0.002,78075,1
"D03","OSBS","000","060","2019-06-11",83.93,55.89,96.04,99.05,0.04,77983,1,22.499,18.987,24.601,0.379,0.002,77983,1
"D03","OSBS","000","060","2019-06-12",84.51,62.49,95.62,61.05,0.03,77838,1,21.963,19.004,23.748,0.467,0.002,77838,1
"D03","OSBS","000","060","2019-06-13",91.04,79.75,95.7,17.09,0.01,78038,1,21.596,19.72,23.284,0.907,0.003,78038,1
"D03","OSBS","000","060","2019-06-14",77.38,42.9,95.83,350.88,0.07,69316,1,19.852,14.221,22.844,5.491,0.009,69325,1
"D03","OSBS","000","060","2019-06-15",NA,NA,NA,NA,NA,0,1,NA,NA,NA,NA,NA,0,1
"D03","OSBS","000","060","2019-06-16",NA,NA,NA,NA,NA,0,1,NA,NA,NA,NA,NA,0,1
"D03","OSBS","000","060","2019-06-17",NA,NA,NA,NA,NA,0,1,NA,NA,NA,NA,NA,0,1
"D03","OSBS","000","060","2019-06-18",NA,NA,NA,NA,NA,0,1,NA,NA,NA,NA,NA,0,1
"D03","OSBS","000","060","2019-06-19",NA,NA,NA,NA,NA,0,1,NA,NA,NA,NA,NA,0,1
"D03","OSBS","000","060","2019-06-20",NA,NA,NA,NA,NA,0,1,NA,NA,NA,NA,NA,0,1
"D03","OSBS","000","060","2019-06-21",NA,NA,NA,NA,NA,0,1,NA,NA,NA,NA,NA,0,1
"D03","OSBS","000","060","2019-06-22",NA,NA,NA,NA,NA,0,1,NA,NA,NA,NA,NA,0,1
"D03","OSBS","000","060","2019-06-23",NA,NA,NA,NA,NA,0,1,NA,NA,NA,NA,NA,0,1
"D03","OSBS","000","060","2019-06-24",69.19,40.23,92.98,288.65,0.06,77787,1,22.094,17.98,24.326,2.531,0.006,77787,1
"D03","OSBS","000","060","2019-06-25",74.11,44.95,95.54,268.08,0.06,73381,1,23.105,20.538,25.237,1.622,0.005,73384,1
"D03","OSBS","000","060","2019-06-26",64.62,41.38,85.97,169.44,0.05,77821,1,21.656,18.554,23.946,1.511,0.004,77821,1
"D03","OSBS","000","060","2019-06-27",59.48,35.39,92.07,205.85,0.05,77822,1,18.887,14.607,22.838,2.259,0.005,77822,1
"D03","OSBS","000","060","2019-06-28",74.78,38.94,96.04,304.91,0.06,77885,1,21.401,16.322,23.718,2.559,0.006,77885,1
"D03","OSBS","000","060","2019-06-29",79.21,41.77,97.15,177.27,0.05,77976,1,21.823,17.228,23.481,1.29,0.004,77976,1
"D03","OSBS","000","060","2019-06-30",77.76,46.6,96.77,276.36,0.06,78090,1,21.799,19.112,23.039,0.416,0.002,78090,1
"D03","OSBS","000","060","2019-07-01",73.41,44.33,93.76,236.18,0.06,77866,1,21.842,18.271,23.62,0.754,0.003,77864,1
"D03","OSBS","000","060","2019-07-02",70.33,40.29,88.47,195.29,0.05,77857,1,22.291,18.524,23.862,1.062,0.004,77857,1
"D03","OSBS","000","060","2019-07-03",73.33,41.83,92.95,252.09,0.06,73959,1,22.472,19.348,23.759,0.762,0.003,73959,1
"D03","OSBS","000","060","2019-07-04",76.81,44.69,92.81,190.36,0.05,77838,1,22.843,20.012,24.127,0.523,0.003,77838,1
"D03","OSBS","000","060","2019-07-05",85.06,53.3,96.64,124.89,0.04,78017,1,22.667,20.87,24.246,0.446,0.002,78017,1
"D03","OSBS","000","060","2019-07-06",87.83,56.37,96.9,103.75,0.04,77894,1,22.613,20.081,24.549,0.455,0.002,77894,1
"D03","OSBS","000","060","2019-07-07",84.67,59.87,94.44,117.91,0.04,69125,1,22.65,21.965,24.166,0.093,0.001,69125,1
"D03","OSBS","000","060","2019-07-08",NA,NA,NA,NA,NA,0,1,NA,NA,NA,NA,NA,0,1
"D03","OSBS","000","060","2019-07-09",NA,NA,NA,NA,NA,0,1,NA,NA,NA,NA,NA,0,1
"D03","OSBS","000","060","2019-07-10",NA,NA,NA,NA,NA,0,1,NA,NA,NA,NA,NA,0,1
"D03","OSBS","000","060","2019-07-11",NA,NA,NA,NA,NA,0,1,NA,NA,NA,NA,NA,0,1
"D03","OSBS","000","060","2019-07-12",NA,NA,NA,NA,NA,0,1,NA,NA,NA,NA,NA,0,1
"D03","OSBS","000","060","2019-07-13",NA,NA,NA,NA,NA,0,1,NA,NA,NA,NA,NA,0,1
"D03","OSBS","000","060","2019-07-14",NA,NA,NA,NA,NA,0,1,NA,NA,NA,NA,NA,0,1
"D03","OSBS","000","060","2019-07-15",55.2,37.73,72.25,144.38,0.09,16237,1,20.374,17.507,21.984,1.417,0.009,16251,1
"D03","OSBS","000","060","2019-07-16",68.45,42.84,85.18,140.68,0.04,77931,1,21.71,19.786,23.264,0.494,0.003,77931,1
"D03","OSBS","000","060","2019-07-17",77.04,48.72,94.84,133.46,0.04,77818,1,22.428,19.996,23.506,0.252,0.002,77818,1
"D03","OSBS","000","060","2019-07-18",75.93,44.38,96.24,343.47,0.07,77391,1,21.332,18.596,23.045,0.671,0.003,77391,1
"D03","OSBS","000","060","2019-07-19",79.88,46.77,95.36,115.06,0.04,77768,1,23.051,19.149,24.776,0.817,0.003,77768,1
"D03","OSBS","000","060","2019-07-20",79.62,47.6,97.15,244.12,0.06,77893,1,22.285,19.502,23.566,0.479,0.002,77893,1
"D03","OSBS","000","060","2019-07-21",77.95,50.51,92.42,112.3,0.04,77997,1,21.645,20.126,23.925,0.541,0.003,77997,1
"D03","OSBS","000","060","2019-07-22",79.77,50.33,94.52,157.71,0.05,77672,1,21.619,19.877,23.985,0.605,0.003,77672,1
"D03","OSBS","000","060","2019-07-23",79.54,50.16,96.42,163.47,0.05,78080,1,22.04,19.673,23.235,0.279,0.002,78080,1
"D03","OSBS","000","060","2019-07-24",87.69,66.39,97.39,47.24,0.02,78063,1,22.239,20.561,23.915,0.595,0.003,78063,1
"D03","OSBS","000","060","2019-07-25",87.78,66.77,97.05,81.39,0.03,77863,1,21.445,20.059,22.491,0.163,0.001,77863,1
"D03","OSBS","000","060","2019-07-26",87.91,72.94,95.74,24.59,0.02,78067,1,21.935,19.861,24.056,0.79,0.003,78067,1
"D03","OSBS","000","060","2019-07-27",85.98,61.62,97.03,105.12,0.04,77966,1,22.281,20.437,23.743,0.244,0.002,77966,1
"D03","OSBS","000","060","2019-07-28",84.06,57.61,95.8,88.29,0.03,77950,1,22.203,19.769,23.362,0.167,0.001,77950,1
"D03","OSBS","000","060","2019-07-29",80.44,58.31,94.96,136.31,0.04,77930,1,21.689,20.061,23.5,0.225,0.002,77930,1
"D03","OSBS","000","060","2019-07-30",75.83,43.29,96.62,291.85,0.06,77822,1,21.597,17.467,23.467,1.859,0.005,77822,1
"D03","OSBS","000","060","2019-07-31",79.26,46.17,96.81,192.79,0.05,78026,1,22.967,18.95,24.781,0.895,0.003,78026,1
"D03","OSBS","000","060","2019-08-01",78.71,53.58,94.37,93.91,0.03,77347,1,20.862,18.474,22.858,0.762,0.003,77347,1
"D03","OSBS","000","060","2019-08-02",87.48,73.35,95.44,33.73,0.02,77924,1,22.504,21.557,23.504,0.072,0.001,77924,1
"D03","OSBS","000","060","2019-08-03",78.89,46.84,97.12,296.07,0.06,77989,1,22.01,19.484,23.244,0.748,0.003,77989,1
"D03","OSBS","000","060","2019-08-04",74.84,48.48,95.71,254.49,0.06,77952,1,22.724,20.192,24.122,0.993,0.004,77952,1
"D03","OSBS","000","060","2019-08-05",74.19,50.66,92.33,145.92,0.04,77958,1,22.266,19.564,24.353,0.595,0.003,77958,1
"D03","OSBS","000","060","2019-08-06",77.24,49.35,93.45,168.7,0.05,77927,1,22.342,19.393,24.054,0.626,0.003,77927,1
"D03","OSBS","000","060","2019-08-07",88.21,67.65,96.39,43.11,0.02,77902,1,23.242,21.341,24.679,0.317,0.002,77902,1
"D03","OSBS","000","060","2019-08-08",81.49,53.96,97.43,221.46,0.05,73515,1,23.358,19.37,25.371,1.127,0.004,77853,1
"D03","OSBS","000","060","2019-08-09",78.54,46.16,95.81,205.8,0.05,77884,1,23.588,20.795,25.306,0.739,0.003,77884,1
"D03","OSBS","000","060","2019-08-10",77.61,47.42,96.12,259.77,0.06,77848,1,24.236,20.168,25.518,1.271,0.004,77848,1
"D03","OSBS","000","060","2019-08-11",77.45,50.33,95.68,181.46,0.05,77873,1,23.791,21.467,25.5,1.139,0.004,77873,1
"D03","OSBS","000","060","2019-08-12",81.77,52.41,97,214.78,0.05,74015,1,23.451,21.866,25.422,0.439,0.002,77911,1
"D03","OSBS","000","060","2019-08-13",80.91,46.36,97.48,293.27,0.06,77840,1,23.648,21.415,24.975,0.419,0.002,77840,1
"D03","OSBS","000","060","2019-08-14",79.5,55.87,93.72,117.32,0.04,76922,1,23.804,21.695,25.473,0.291,0.002,76922,1
"D03","OSBS","000","060","2019-08-15",88.2,66.23,95.89,32.05,0.02,77953,1,23.484,22.114,24.731,0.188,0.002,77953,1
"D03","OSBS","000","060","2019-08-16",92.94,86.53,96.73,5.13,0.01,78104,1,23.162,22.206,24.241,0.263,0.002,78104,1
"D03","OSBS","000","060","2019-08-17",92.81,85.1,96.83,9.35,0.01,74409,1,22.277,20.979,23.257,0.469,0.002,77827,1
"D03","OSBS","000","060","2019-08-18",90,69.55,95.8,31.13,0.02,77982,1,22.373,20.949,24.121,0.324,0.002,77982,1
"D03","OSBS","000","060","2019-08-19",82.66,59.6,95.5,134.78,0.04,78013,1,22.098,19.852,24.074,0.284,0.002,78013,1
"D03","OSBS","000","060","2019-08-20",78.64,44.75,94.62,155.21,0.04,78091,1,22.142,18.98,24.16,0.826,0.003,78091,1
"D03","OSBS","000","060","2019-08-21",76.54,49.26,95.79,212.47,0.05,77816,1,22.193,19.318,24.865,1.01,0.004,77816,1
"D03","OSBS","000","060","2019-08-22",75.46,45.38,94.93,271.97,0.06,77893,1,22.633,19.536,24.426,1.419,0.004,77893,1
"D03","OSBS","000","060","2019-08-23",75.17,47.18,96.97,270.18,0.06,77821,1,22.472,19.485,24.194,1.331,0.004,77821,1
"D03","OSBS","000","060","2019-08-24",78.31,51.49,97.18,242.22,0.06,77870,1,23.043,20.993,24.482,0.633,0.003,77870,1
"D03","OSBS","000","060","2019-08-25",84.24,60.8,96.58,95.1,0.03,77815,1,23.566,22.034,25.143,0.316,0.002,77815,1
"D03","OSBS","000","060","2019-08-26",80.57,54.1,96.25,149.31,0.04,77189,1,22.512,20.842,23.46,0.163,0.001,77189,1
"D03","OSBS","000","060","2019-08-27",86.15,54.33,97.4,169.66,0.05,60489,1,22.636,21.438,24.561,0.428,0.003,64484,1
"D03","OSBS","000","060","2019-08-28",NA,NA,NA,NA,NA,0,1,NA,NA,NA,NA,NA,0,1
"D03","OSBS","000","060","2019-08-29",NA,NA,NA,NA,NA,0,1,NA,NA,NA,NA,NA,0,1
"D03","OSBS","000","060","2019-08-30",NA,NA,NA,NA,NA,0,1,NA,NA,NA,NA,NA,0,1
"D03","OSBS","000","060","2019-08-31",NA,NA,NA,NA,NA,0,1,NA,NA,NA,NA,NA,0,1
"D03","OSBS","000","060","2019-09-01",NA,NA,NA,NA,NA,0,1,NA,NA,NA,NA,NA,0,1
"D03","OSBS","000","060","2019-09-02",NA,NA,NA,NA,NA,0,1,NA,NA,NA,NA,NA,0,1
"D03","OSBS","000","060","2019-09-03",NA,NA,NA,NA,NA,0,1,NA,NA,NA,NA,NA,0,1
"D03","OSBS","000","060","2019-09-04",NA,NA,NA,NA,NA,0,1,NA,NA,NA,NA,NA,0,1
"D03","OSBS","000","060","2019-09-05",NA,NA,NA,NA,NA,0,1,NA,NA,NA,NA,NA,0,1
"D03","OSBS","000","060","2019-09-06",NA,NA,NA,NA,NA,0,1,NA,NA,NA,NA,NA,0,1
"D03","OSBS","000","060","2019-09-07",62.15,36.88,82.7,231.5,0.05,77978,1,19.527,17.356,20.996,0.758,0.003,77978,1
"D03","OSBS","000","060","2019-09-08",64.7,33.28,93.23,318.42,0.07,71882,1,20.325,15.482,23.352,3.086,0.007,71889,1
"D03","OSBS","000","060","2019-09-09",70.37,39.78,94.73,342.98,0.07,77921,1,22.022,17.238,23.742,2.723,0.006,77921,1
"D03","OSBS","000","060","2019-09-10",75.01,44.64,97.6,315.54,0.06,78041,1,22.267,18.488,24.998,1.835,0.005,78041,1
"D03","OSBS","000","060","2019-09-11",77.4,45.71,96.17,255.54,0.06,77226,1,21.905,17.922,23.474,1.282,0.004,77226,1
"D03","OSBS","000","060","2019-09-12",77.38,46.75,94.53,213.26,0.05,77930,1,21.804,18.286,23.286,1.175,0.004,77930,1
"D03","OSBS","000","060","2019-09-13",80.72,54.98,93.81,120.94,0.04,77857,1,22.442,19.442,23.662,0.428,0.002,77857,1
"D03","OSBS","000","060","2019-09-14",77.93,54.97,93.5,134.58,0.04,78085,1,22.066,20.694,23.126,0.148,0.001,78085,1
"D03","OSBS","000","060","2019-09-15",86.01,53.73,95.57,85.87,0.03,77814,1,23.224,20.317,24.587,0.273,0.002,77814,1
"D03","OSBS","000","060","2019-09-16",78.11,45.59,96.18,343.23,0.07,78001,1,22.075,18.279,23.699,2.513,0.006,78001,1
"D03","OSBS","000","060","2019-09-17",62.31,33.6,90.17,351.05,0.07,77998,1,18.964,14.599,21.559,4.17,0.007,77998,1
"D03","OSBS","000","060","2019-09-18",71.56,45.37,93.53,130.91,0.04,77935,1,20.637,16.258,23.232,2.259,0.005,77935,1
"D03","OSBS","000","060","2019-09-19",73.57,48.51,90.95,155.42,0.04,78020,1,18.959,15.495,22,2.458,0.006,78020,1
"D03","OSBS","000","060","2019-09-20",77.69,42.7,95.32,363.59,0.07,78133,1,18.899,14.429,21.114,2.153,0.005,78133,1
"D03","OSBS","000","060","2019-09-21",70.1,40.72,90.49,259.81,0.06,78051,1,18.178,14.174,19.884,2.498,0.006,78051,1
"D03","OSBS","000","060","2019-09-22",66.87,43.51,86.02,201.9,0.05,77916,1,17.591,14.861,19.763,0.979,0.004,77916,1
"D03","OSBS","000","060","2019-09-23",69.51,41.99,93.27,299.11,0.06,77935,1,18.089,14.743,20.325,2.352,0.005,77935,1
"D03","OSBS","000","060","2019-09-24",64.81,33.81,93.74,380.63,0.07,77972,1,17.341,14.272,18.908,2.268,0.005,77972,1
"D03","OSBS","000","060","2019-09-25",63.09,39.78,89.87,296.73,0.06,76908,1,18.875,15.197,22.111,1.76,0.005,76908,1
"D03","OSBS","000","060","2019-09-26",65.62,40.03,89.3,150.69,0.04,77910,1,20.14,18.111,22.463,1.186,0.004,77910,1
"D03","OSBS","000","060","2019-09-27",71.39,42.82,91.44,262.08,0.06,77877,1,21.217,17.565,23.559,1.808,0.005,77877,1
"D03","OSBS","000","060","2019-09-28",74.12,52.64,94.81,177.34,0.05,77897,1,20.366,19.133,22.023,0.383,0.002,77897,1
"D03","OSBS","000","060","2019-09-29",76.25,48.5,93.69,199.75,0.05,77863,1,20.392,18.911,21.945,0.34,0.002,77863,1
"D03","OSBS","000","060","2019-09-30",80.05,52.31,97.55,278.26,0.06,72961,1,22.139,19.538,24.147,1.051,0.004,77871,1
